Cód A Estratégico;Ação Objetivo ou Iniciativa Estratégica;Estratégia
1.0.0.;Assegurar os recursos orçamentários necessários.;1.0
1.1.0.;Realizar a gestão completa do ciclo de recursos extraorçamentários (caução e restos a pagar).;1.1
1.2.0.;Realizar a gestão completa do ciclo orçamentário.;1.2
1.2.1.;Identificar e destinar as fontes de financiamento dos programas, projetos e operações especiais orçamentárias.;1.2
1.2.2.;Realizar avaliação inicial dos custos relacionados a TI, definindo parâmetros e resultados alcançáveis.;1.2
1.2.3.;Identificar e destinar as fontes de financiamento dos programas, projetos e operações especiais orçamentárias de saúde e assistência ao pessoal.;1.2
1.2.4.;Estimular o desenvolvimento das Parcerias Público-Privadas.;1.2
1.2.5.;Realizar gestões visando garantir o orçamento e recursos do governo federal para aplicação nas ações e projetos destinados àrealização de grandes eventos.;1.2
1.2.6.;Elaborar a proposta dos Planos Plurianuais, com observância dos prazos legais, alinhada com o presente plano estratégico, diretrizes de comando e planos de governo.retrizes de comando e planos de governo.;1.2
10.0.0.;Objetivo: Garantir as informações necessárias à tomada de decisão.;10.0
10.1.0.;Desenvolver a atividade de Inteligência Policial.;10.1
10.1.1.;Dotar a atividade de inteligência de tecnologia, equipamentos e serviços de telemática.;10.1
10.1.10.;Regulamentar a utilização dos recursos financeiros da atividade de inteligência.;10.1
10.1.11.;Desenvolver estudos de viabilização do Centro de Inteligência como uma unidade gestora orçamentária.;10.1
10.1.12.;Realizar estudos baseados em gestão da informação para integração dos dados do Sistema de Informações Policial Militar (SIPOM).;10.1
10.1.13.;Implantar sistema de controle de informações do SIPOM.;10.1
10.1.14.;Inserir conteúdo de segurança da informação como temática transversal nos cursos profissionais desenvolvidos pela PMDF.;10.1
10.1.15.;Viabilizar acesso ao sistema público e privado de câmeras de monitoramento (vigilância eletrônica).;10.1
10.1.16.;Implantar órgãos de análise criminal nos diferentes níveis da Instituição Policial Militar.;10.1
10.1.17.;Desenvolver projeto de aquisição de softwares específicos para atividade de inteligência.;10.1
10.1.2.;Dotar a atividade de inteligência de equipamentos e acessórios técnicos próprios para ações, guarda de documentos e de material, identificação, credenciamento e de sensoriamento remoto.;10.1
10.1.3.;Dotar a atividade de inteligência de veículos especiais.;10.1
10.1.4.;Implantar programa de especialização de Policiais Militares na área de Inteligência Policial.;10.1
10.1.5.;Desenvolver sistema de informações de apoio à decisão baseado em Business Intelligence.;10.1
10.1.6.;Desenvolver sistemas de informação de suporte à atividade de Inteligência Policial.;10.1
10.1.7.;Implantar programa de sensibilização para a atividade de inteligência (oficinas periódicas).;10.1
10.1.8.;Implantar programa de capacitação de analistas em inteligência em sistema de gerenciamento de banco de dados.;10.1
10.1.9.;Regulamentar a utilização do cartão suprimento de fundos.;10.1
10.2.0.;Dotar a atividade operacional de informações para a melhoria de seu desempenho.;10.2
10.2.1.;Desenvolver projetos de análise criminal.;10.2
10.2.2.;Desenvolver projetos de sistemas e tecnologias da informação aplicadas à atividade operacional.;10.2
10.2.3.;Desenvolver sistema de informações de apoio à segurança de grandes eventos.;10.2
10.2.4.;Desenvolver sistema de informações de ocorrências criminais (boletim de ocorrências na web).;10.2
10.2.5.;Desenvolver sistemas de informações de notificações de trânsito da PMDF.;10.2
10.2.6.;Desenvolver sistemas de informações para os Comandos Móveis.;10.2
10.2.7.;Implantar Boletim Eletrônico de Ocorrência e Termo Circunstanciado na PMDF.;10.2
10.2.8.;Implantar sistema de monitoramento por câmeras em locais de grande aglomeração e circulação de público.;10.2
10.2.9.;Implantar sistema de vídeoconferência entre Unidades Policiais Militares. (INICIATIVA CONCLUÍDA);10.2
10.3.0.;Dotar a Corporação de informações e sistemas de suporte à tomada de decisão e aos processos de gestão administrativa.;10.3
10.3.1.;Adquirir software para suporte à pesquisa operacional.;10.3
10.3.10.;Desenvolver sistema de informações de Gestão Eletrônica de Documentos (GED).;10.3
10.3.11.;Desenvolver sistema de informações para o controle de procedimentos administrativos e operacionais.;10.3
10.3.12.;Desenvolver sistema integrado de informações de gestão administrativa e operacional.;10.3
10.3.13.;Elaborar e implantar modelo unificado de dados e processos corporativos.;10.3
10.3.14.;Estabelecer parceria estratégica para implementação do Sistema Integrado de Comunicações da Segurança Pública e Centro de Comando e Controle da PMDF.;10.3
10.3.15.;Implantar o catálogo de serviços de tecnologia da informação da PMDF.;10.3
10.3.16.;Implantar sistemática de gestão de segurança da informação (Norma ISO/IEC 27.000): plano de continuidade de negócios, entre outros.;10.3
10.3.17.;Propor parcerias e convênios com órgãos públicos e instituições privadas para investimento em tecnologia da informação.;10.3
10.3.18.;Implantar setor de gestão de qualidade de serviços em sistemas e tecnologias da informação.;10.3
10.3.19.;Garantir a modernização continuada das infraestruturas e dos processos de Tecnologia da Informação e Comunicações.;10.3
10.3.2.;Contratar fábrica de software.;10.3
10.3.20.;Desenvolver e implantar projeto de Rede Metropolitana de Comunicação de Dados da PMDF (LTE).;10.3
10.3.21.;Manter a conformidade da família de normas da Associação Brasileira de Normas Técnicas (NBR/ABNT) em Tecnologia da Informação e Comunicações (TIC).;10.3
10.3.22.;"Realizar mapeamento (""AS-IS"") e revisão (TO-BE) da infraestrutura, estrutura, dos processos e dos recursos humanos envolvidos Tecnologia da Informação e Comunicações.";10.3
10.3.23.;Elaborar subportfólio de projetos de Tecnologia da Informação e Comunicações.;10.3
10.3.24.;Implementar modelo de avaliação de investimentos em tecnologia da informação (ROI/TCO).;10.3
10.3.25.;Propor parcerias e convênios para intercâmbio de conhecimento em Tecnologia da Informação e Comunicações.;10.3
10.3.26.;Promover políticas corporativas para a permanência dos especialistas na Diretoria de Telemática (DiTel).;10.3
10.3.27.;Propor estudos para criação do quadro de telemática.;10.3
10.3.28.;Criar e implantar modelo de acordo de nível de serviço de Tecnologia da Informação e Telecomunicações.;10.3
10.3.29.;Propor estudo para criação de núcleos de Tecnologia da Informação e Comunicações nas Unidades Policiais Militares.;10.3
10.3.3.;Criar e regulamentar a central de serviços de tecnologia da informação na estrutura da DiTel (modelo ITIL).;10.3
10.3.4.;Implantar a central de serviços de tecnologia da informação na estrutura da DiTel (modelo ITIL).;10.3
10.3.5.;Criar acordos de nível de serviço (SLA) para as diversas atividades componentes do catálogo de serviços de Tecnologia da Informação (TI).;10.3
10.3.6.;Desenvolver e implantar projetos de Governança Corporativa, Gestão de Segurança da Informação (ISO 27.0000) e Gestão de Riscos (ISO 31.000).;10.3
10.3.7.;Desenvolver e implementar sistemas de informações de gestão de documentos, de conteúdo e fluxo de trabalho (Workflow).;10.3
10.3.8.;Desenvolver e implementar sistemas de trabalho colaborativos (Groupware).;10.3
10.3.9.;Desenvolver o sistema de informações de biblioteca de documentos acessíveis pela intranet (boletins administrativos, trabalhos técnicos, legislação, entre outros).;10.3
10.4.0.;Dotar a Corporação de infraestrutura de Tecnologia da Informação adequada.;10.4
10.4.1.;Adquirir equipamentos de Tecnologia da Informação.;10.4
10.4.2.;Adquirir equipamentos de telecomunicações.;10.4
11.0.0.;Objetivo: Fomentar as estratégias de aproximação com a população do DF.;11.0
11.1.0.;Dotar a atividade de policiamento comunitário de recursos logísticos para seu emprego.;11.1
11.1.1.;Dotar a atividade de policiamento comunitário e de proximidade de frota automotiva.;11.1
11.2.0.;Desenvolver e ampliar iniciativas de policiamento comunitário e de proximidade.;11.2
11.2.1.;Dotar a atividade de policiamento comunitário e de proximidade bases co­munitárias móveis.;11.2
11.2.10.;Realizar seminários, oficinas, simpósios e conferências, trazendo profissionais renomados na filosofia de polícia comunitária e de proximidade.;11.2
11.2.2.;Criar e regulamentar o Centro de Polícia Comunitária e Direitos Humanos (CPCDH). (INICIATIVA CONCLUÍDA);11.2
11.2.3.;Criar o programa de policiamento comunitário e de proximidade. (INICIATIVA CONCLUÍDA);11.2
11.2.4.;Criar sistema de estudos de caso e acadêmicos e nas áreas de direitos humanos, de polícia comunitária e de proximidade.;11.2
11.2.5.;Criar programa de capacitação em gestão de polícia comunitária e de proximidade para o efetivo policial militar.;11.2
11.2.6.;Desenvolver campanha interna de difusão da filosofia da polícia comunitária e de proximidade. (INICIATIVA CONCLUÍDA);11.2
11.2.7.;Desenvolver e implantar sistema de policiamento, por in­termédio das Bases Comunitárias Móveis, para promover mediação de conflitos.;11.2
11.2.8.;Implantar as Bases Comunitárias Móveis. (INICIATIVA CONCLUÍDA);11.2
11.2.9.;Realizar cursos e palestras de orientação e de prevenção para profissionais de áreas específicas, como a de segurança privada.;11.2
11.3.0.;Desenvolver projetos de educação em segurança pública para a sociedade.;11.3
11.3.1.;Ampliar o atendimento à comunidade, através de escolinhas de judô.;11.3
11.3.10.;Desenvolver campanhas educativas de trânsito.;11.3
11.3.11.;Implementar o modelo de gestão integrada de segurança comunitária e de proximidade, com a participação dos Conselhos de Segurança Pública (CONSEG) e Núcleos Comunitários de Segurança (NUSEG).;11.3
11.3.12.;Manter e ampliar campanhas relacionadas ao desarmamento.;11.3
11.3.13.;Propor ações institucionais para promoção do Plano Nacional de Direitos Humanos (PNDH – 3).;11.3
11.3.14.;Realizar gestões para adoção do modelo de polícia comunitária e de proximidade como filosofia governamental da segurança pública.;11.3
11.3.2.;Ampliar o atendimento à comunidade, através de programas de ginástica comunitária.;11.3
11.3.3.;Ampliar o atendimento aos pais e alunos da rede de ensino, através do projeto policiamento de Prevenção Orientado à Violência Doméstica (PROVID).Ampliar o atendimento à comunidade, através de programas de ginástica comunitária.;11.3
11.3.4.;Ampliar o atendimento à comunidade, através dos Projetos de Escolinhas de Futebol (PROFCON).;11.3
11.3.5.;Ampliar o atendimento aos pais e alunos da rede de ensino, através do Projeto Grupo de Teatro Arte Tática.;11.3
11.3.6.;Ampliar o atendimento aos pais e alunos da rede de ensino, através do Projeto Grupo de Teatro Lobo Guará / PREALG Programa Educacional Ambiental Lobo Guará.;11.3
11.3.7.;Ampliar o atendimento aos pais e alunos da rede de ensino, através do Projeto Grupo de Teatro Rodovia.;11.3
11.3.8.;Ampliar o atendimento aos pais e alunos da rede de ensino, através do Projeto Juventude Sempre Alerta.;11.3
11.3.9.;Ampliar o atendimento aos pais e alunos da rede de ensino, através do Projeto PROERD.;11.3
11.4.0.;Investir em programas e projetos sociais orientados à aproximação comunitária.;11.4
11.4.1.;Criar mecanismos de divulgação dos direitos do cidadão e orientações relativas à segurança pública.;11.4
11.4.2.;Unificar a doutrina de direitos humanos, de polícia comunitária e de proximidade, por meio da elaboração de manuais.;11.4
12.0.0.;Objetivo: Otimizar o policiamento ostensivo e preventivo.;12.0
12.1.0.;Dotar a Corporação de adequadas instalações (unidades) de policiamento ostensivo e preventivo.;12.1
12.1.1.;Dotar a atividade de policiamento escolar de instalações (unidades).;12.1
12.1.2.;Dotar a atividade de policiamento de trânsito de instalações (unidades).;12.1
12.1.3.;Construir novos aquartelamentos para as unidades operacionais da PMDF.;12.1
12.1.4.;Reformar Unidades Policiais Militares.;12.1
12.2.0.;Criar unidades de policiamento ostensivo e preventivo.;12.2
12.2.1.;Criar e desenvolver sistemática especializada em atendimento turístico e de grandes eventos.;12.2
12.3.0.;Desenvolver o conceito de Comando e Controle de Operações Policiais Militares.;12.3
12.3.1.;Implantar e normalizar Sistemas de Comando e Controle na PMDF.;12.3
12.3.2.;Implantar tecnologia de telemática para Comando e Controle na PMDF.;12.3
12.3.3.;Implantar salas de Comando e Controle e Salas de Situação na PMDF.;12.3
12.4.0.;Dotar a Corporação de moderna estrutura e recursos para o policiamento ostensivo e preventivo.;12.4
12.4.1.;Dotar a Corporação de armamentos e munições não letais e menos que letais, em conformidade com a doutrina de uso seletivo e progressivo da força.;12.4
12.4.2.;Dotar a atividade de policiamento ostensivo de armamentos, munições e materiais bélicos em geral.;12.4
12.4.3.;Dotar às atividades de policiamento com apoio de Comandos Móveis. (INICIATIVA CONCLUÍDA);12.4
12.4.4.;Dotar a atividade de policiamento ostensivo e preventivo de viaturas.;12.4
12.4.5.;Dotar a Corporação de equipamentos para fiscalização de trânsito.;12.4
12.4.6.;Dotar os Policiais Militares de equipamento individual de comunicação, com sistema de georreferenciamento.;12.4
12.4.7.;Implantar terminais remotos embarcados nas viaturas da PMDF.;12.4
12.5.0.;Fomentar o desenvolvimento da atividade de segurança pública;12.5
12.5.1.;Estabelecer parcerias para compartilhamento de bancos de dados.;12.5
12.5.2.;Elaborar um projeto com propostas de termo de cooperação operacional.;12.5
12.5.3.;Elaborar um projeto para o aumento da integração e intercâmbio de experiência policial.;12.5
12.5.4.;Realizar um projeto para estabelecer reuniões periódicas de caráter operacional entre DOP / grandes comandos da PMDF e das Polícias dos Estados limítrofes.;12.5
13.0.0.;Objetivo: Ampliar a capacidade de resposta imediata.;13.0
13.1.0.;Criar e regulamentar o emprego das unidades de resposta imediata.;13.1
13.1.1.;Criar e regulamentar o emprego do Batalhão de Aviação Operacional. (INICIATIVA CONCLUÍDA);13.1
13.1.2.;Criar e regulamentar o Batalhão de Operações Especiais. (INICIATIVA CONCLUÍDA);13.1
13.1.3.;Criar e regulamentar o Batalhão de Patrulhamento Tático. (INICIATIVA CONCLUÍDA);13.1
13.1.4.;Criar e regulamentar o Batalhão de Polícia de Choque. (INICIATIVA CONCLUÍDA);13.1
13.1.5.;Criar e regulamentar o Batalhão de Policiamento Ambiental. (INICIATIVA CONCLUÍDA);13.1
13.1.6.;Criar e regulamentar o Batalhão de Policiamento com Cães. (INICIATIVA CONCLUÍDA);13.1
13.1.7.;Criar e regulamentar o Comando de Missões Especiais como comando de pronta resposta às situações de gerenciamento de crise. (INICIATIVA CONCLUÍDA);13.1
13.1.8.;Readequar as missões do Regimento de Polícia Montada. (INICIATIVA CONCLUÍDA);13.1
13.2.0.;Desenvolver a atividade de aviação operacional.;13.2
13.2.1.;Dotar o Batalhão de Aviação Operacional de aeronaves de asa fixa (aviões).;13.2
13.2.2.;Dotar o Batalhão de Aviação Operacional de aeronaves de asa rotativa (helicópteros).;13.2
13.2.3.;Construir o hangar do BAVOP.;13.2
13.2.4.;Padronizar técnicas, medidas e procedimentos relacionados à aviação operacional.;13.2
13.3.0.;Desenvolver a atividade de policiamento montado.;13.3
13.3.1.;Dotar a atividade de policiamento montado de equinos.;13.3
13.3.2.;Dotar a atividade de policiamento montado de equipamentos de proteção individual.;13.3
13.3.3.;Dotar a atividade de policiamento montado de caminhões para transporte de cavalos.;13.3
13.3.4.;Reestruturar fisicamente as instalações prediais do RPMON.;13.3
13.4.0.;Desenvolver a atividade de proteção ambiental.;13.4
13.4.1.;Dotar a atividade de policiamento ambiental de embarcações.;13.4
13.4.2.;Dotar a atividade de policiamento ambiental de viaturas.;13.4
13.4.3.;Realizar gestões intercâmbio com órgãos de policiamento ambiental e gestão ambiental para troca de informações e experiências.;13.4
13.4.4.;Elaborar um projeto para execução da atividade de polícia administrativa em matéria ambiental.;13.4
13.5.0.;Dotar a Corporação de mo­derna estrutura e recursos de resposta imediata.;13.5
13.5.1.;Dotar as unidades de resposta imediata de armamento e munições.;13.5
13.5.2.;Dotar as atividades de operações especiais e gerenciamento de crises de tecnologia, armamento e equipamentos de telemática;13.5
13.5.3.;Dotar todo o efetivo de equipamentos de proteção individual (kit policial).;13.5
13.5.4.;Dotar a Corporação de viaturas para controle de distúrbios civis.;13.5
13.5.5.;Dotar a Corporação de viaturas para utilização como Comandos Móveis em operações. (INICIATIVA CONCLUÍDA);13.5
14.0.0.;Objetivo: Ampliar a comunicação e marketing institucional proativo.;14.0
14.1.0.;Promover a qualificação continuada do corpo técnico e dos gestores da comunicação.;14.1
14.1.1.;Capacitar os integrantes do Sistema de Comunicação da PMDF (SISCOM/PMDF) em gestão da comunicação.;14.1
14.1.2.;Desenvolver programas de treinamento para a Comunicação Social.;14.1
14.2.0.;Estimular a realização de pesquisas de interesse da Comunicação Social da PMDF.;14.2
14.2.1.;Realizar pesquisas de opinião em assuntos de interesse corporativo.;14.2
14.2.2.;Realizar pesquisa de opinião junto ao público interno e externo, avaliando e divulgando seus resultados.;14.2
14.3.0.;Fortalecer a imagem corporativa.;14.3
14.3.1.;Desenvolver ações de endomarketing.;14.3
14.3.2.;Desenvolver campanhas educativas e de utilidade pública no campo da Segurança Pública.;14.3
14.3.3.;Criar o Catálogo de Serviços da PMDF.;14.3
14.3.4.;Ampliar a divulgação dos projetos sociais desenvolvidos pela Corporação.;14.3
14.3.5.;Regular no âmbito da Corporação os procedimentos para garantir o acesso e a transparência das informações.;14.3
14.3.6.;Demandar a elaboração de plano de contingência para gestão de crise midiática.;14.3
14.3.7.;Mapear e normalizar os processos e ações de comunicação corporativa.;14.3
14.3.8.;Divulgar informações acerca do planejamento e dos resultados das operações e ações da Corporação.;14.3
14.3.9.;Defender a preservação e manutenção do patrimônio da PMDF.;14.3
14.4.0.;Desenvolver trabalhos de monitoramento e ativação das redes sociais.;14.4
14.4.1.;Desenvolver processo de monitoramento e análise de mídias sociais e comunicação gradual.;14.4
14.5.0.;Desenvolver a estrutura corporativa de Comunicação Social.;14.5
14.5.1.;Dotar com tecnologia, equipamentos e softwares a área de Comunicação Social.;14.5
14.5.2.;Desenvolver e implantar projetos do Centro de Comunicação Social da PMDF.;14.5
14.6.0.;Fortalecer os canais de comunicação com o cidadão e sociedade.;14.6
14.6.1.;Criar portal de serviços de atendimento ao cidadão e ouvidoria “on-line”.;14.6
14.6.2.;Aferir o nível de satisfação da comunidade com os serviços prestados pela PMDF.;14.6
14.6.3.;Criar manual de procedimentos de atividades de ouvidoria.;14.6
14.6.4.;Desenvolver sistema de informações de apoio às atividades de ouvidoria.;14.6
14.6.5.;Capacitar os integrantes da ouvidoria em programas de treinamento específicos.;14.6
14.6.6.;Elaborar e implantar plano de atuação para os integrantes da ouvidoria.;14.6
14.6.7.;Implantar as ouvidorias itinerantes.;14.6
14.6.8.;Promover seminários e palestras para a comunidade e para o público interno sobre atividades da ouvidoria.;14.6
14.6.9.;Dotar a atividade de ouvidoria de recursos materiais e humanos para desenvolvimento de suas atividades.;14.6
15.0.0.;Objetivo: Fomentar o respeito aos direitos humanos e garantias constitucionais.;15.0
15.1.0.;Disseminar a temática de Direitos Humanos no âmbito acadêmico e técnico da Corporação.;15.1
15.1.1.;Inserir a disciplina de Direitos Humanos como temática transversal nos cursos profissionais desenvolvidos pela PMDF.;15.1
15.2.0.;Desenvolver parcerias estratégicas para o fomento do respeito aos direitos humanos.;15.2
15.2.1.;Estabelecer parcerias com a sociedade para fomentar a defesa dos direitos humanos e cidadania.;15.2
16.0.0.;Objetivo: Melhorar a qualidade dos serviços prestados à população;16.0
16.1.0.;Cumprir, dentro do horizonte temporal previsto, os objetivos, estratégias e iniciativas estratégicas que garantam o aprimoramento contínuo institucional.;16.1
16.2.0.;Aprimorar continuamente os modelos de comando e controle institucionais;16.2
16.3.0.;Desenvolver programas, projetos e ações para formulação de Políticas Públicas de Segurança.;16.3
17.0.0.;Objetivo: Aumentar a confiança da população em relação à Polícia Militar.;17.0
17.1.0.;Cumprir, dentro do horizonte temporal previsto, os objetivos, estratégias e iniciativas estratégicas que impactem na confiança da sociedade do Distrito Federal em relação à Polícia Militar.;17.1
17.2.0.;Desenvolver programas, projetos e ações de aproximação com a população.;17.2
17.2.1.;Estabelecer parcerias com a comunidade, a fim de prevenir a incidência de crimes.;17.2
17.2.2.;Ministrar cursos e palestras de orientação e prevenção sobre segurança pública para a comunidade.;17.2
17.2.3.;Desenvolver, em conjunto com a comunidade, projetos de cultura da paz.;17.2
18.0.0.;Objetivo: Elevar a sensação de segurança da população;18.0
18.1.0.;Cumprir, dentro do horizonte temporal previsto, os objetivos, estratégias e iniciativas estratégicas que impactem na sensação de segurança da população do Distrito Federal.;18.1
2.0.0.;Garantir a aplicação financeira dos recursos orçamentários;2.0
2.1.0.;Otimizar a execução e controle orçamentário e financeiro.;2.1
2.1.1.;Desenvolver sistema de informação para gestão ao processo de planejamento, execução e controle orçamentário e financeiro.;2.1
2.1.2.;Elaborar e implementar manual de diretrizes para planejamento, execução e controle orçamentário e financeiro da Corporação.;2.1
2.1.3.;Desenvolver e implementar programa de capacitação continuada em processo licitatório.;2.1
2.1.4.;Estreitar relacionamento técnico com os órgãos de controle.;2.1
2.1.5.;Fomentar o intercâmbio de informações com corporações congêneres, nas áreas orçamentária e financeira.;2.1
2.1.6.;Elaborar o manual de confecção de projeto básico e termo de referência.;2.1
2.1.7.;Criar suprimentos de fundo para atender as necessidades emergenciais dos estabelecimentos de ensino (iniciativa concluída).;2.1
2.2.0.;Melhorar a conformidade entre o planejado e o executado.;2.2
2.2.1.;Implantar sistema informatizado para controle do Plano Interno de Orçamento.;2.2
2.2.2.;Criar mecanismos de controle de execução físico-financeiro do orçamento.;2.2
2.3.0.;Implantar a gestão de informação de logística na PMDF.;2.3
2.3.1.;Desenvolver e implantar novo modelo de gestão de processos financeiros e logísticos.;2.3
3.0.0.;Objetivo: Fortalecer o desenvolvimento dos recursos humanos.;3.0
3.1.0.;Ampliar a capacitação dos Policiais Militares em atividades operacionais.;3.1
3.1.1.;Desenvolver e implementar programa de capacitação continuada de poli­ciais nos cursos de policiamento ambiental, operações no cerrado e de operações lacustres.;3.1
3.1.2.;Desenvolver e implementar programa de capacitação continuada de Policiais Militares no curso de policiamento de trânsito.;3.1
3.1.3.;Desenvolver e implementar programa de capacitação continuada de Policiais Militares em policiamento escolar.;3.1
3.1.4.;Desenvolver e implementar programa de capacitação continuada de pilotos de aeronave.;3.1
3.1.5.;Desenvolver e implementar programa de capacitação continuada de tripulantes operacionais.;3.1
3.1.6.;Desenvolver e implementar programa de capacitação continuada de treinamento continuado e de atualização profissional;3.1
3.1.7.;Desenvolver e implementar programa de capacitação continuada de programa de treinamento em serviço para a atividade operacional (rotina diária).;3.1
3.10.0.;Aprimorar a gestão da educação e cultura.;3.10
3.10.1.;Criar e implantar marco regulatório de ensino da Corporação.;3.10
3.10.10.;Fomentar cursos superiores para Policiais Militares e sociedade civil.;3.10
3.10.11.;Adequar o Instituto Superior de Ciências Policiais (ISCP) na estrutura organizacional da Corporação.;3.10
3.10.12.;Realizar convênios, parcerias ou contratos com instituição(ões) de ensino superior para capacitar policiais com mestrado e doutorado em apoio ao ISCP.;3.10
3.10.13.;Criar e implantar cursos de graduação e pós-graduação de interesse para a PMDF.;3.10
3.10.14.;Estabelecer a legislação de ensino policial militar.;3.10
3.10.15.;"Atuar junto à Assessoria Parlamentar para aprovação da ""Lei de Ensino da PMDF"".";3.10
3.10.16.;Criar o Centro Cultural da PMDF.;3.10
3.10.2.;Estimular os integrantes da PMDF para atuação na área de ensino.;3.10
3.10.3.;Normatizar o emprego do corpo docente e administrativo.;3.10
3.10.4.;Criar cadastro de pessoal com respectivas capacitações e habilitações.;3.10
3.10.5.;Fomentar relações com órgãos congêneres de outras corporações.;3.10
3.10.6.;Estabelecer o modelo de gestão de ensino da PMDF.;3.10
3.10.7.;Estabelecer parcerias com centros de excelência nacionais e internacionais de ensino.;3.10
3.10.8.;Capacitar todo efetivo na confecção do Termo Circunstanciado de Ocorrência.;3.10
3.10.9.;Implementar curso de graduação em Tecnologia em Segurança Pública para Policiais Militares e sociedade civil.;3.10
3.11.0.;Incorporar as perspectivas de Gênero na Polícia Militar do Distrito Federal.;3.11
3.11.1.;Criar e regulamentar o Escritório de Gênero no âmbito da PMDF.;3.11
3.11.2.;Adequar a logística (dependências, armamento, equipamento e uniformes) à perspectiva de Gênero no âmbito institucional.;3.11
3.11.3.;Desenvolver campanha interna de difusão e sensibilização sobre as questões relacionadas ao Gênero na PMDF.;3.11
3.11.4.;Estimular a produção de conhecimento sobre relações de Gênero no âmbito institucional.;3.11
3.2.0.;Ampliar a capacitação de oficiais em gestão organizacional.;3.2
3.2.1.;Desenvolver e implementar programa de capacitação de gestores (tenentes-coronéis e majores) em tecnologia da informação, governança corporativa, investimentos em TI, gerenciamento de projetos, alinhamento estratégico e plane­jamento estratégico.;3.2
3.2.2.;Desenvolver e implementar programa de capacitação de gestores (tenentes-coronéis, majores e capitães aperfeiçoados) em áreas específicas da gestão.;3.2
3.2.3.;Desenvolver e implementar programa de capacitação de gestores intermediários (capitães e tenentes) em áreas específicas.;3.2
3.2.4.;Desenvolver e implementar programa de capacitação de gestores em sistemas de coordenação, comando e controle operacional.;3.2
3.3.0.;Ampliar a capacitação dos Policiais Militares em atividades técnico-profissionais.;3.3
3.3.1.;Desenvolver e implementar programa de capacitação continuada de Policiais Militares em análise criminal.;3.3
3.3.2.;Desenvolver e implementar programa de capacitação e atualização de conhecimentos em telecomunicações e radiocomunicações.;3.3
3.3.3.;Desenvolver e implementar programa de capacitação de profissionais que atuam em atividades área de saúde e assistência ao pessoal.;3.3
3.3.4.;Desenvolver e implementar programa de capacitação de recursos humanos empregados na atividade logística, incluindo os integrantes de unidades administrativas e operacionais.;3.3
3.4.0.;Ampliar a capacitação dos Policiais Militares em Polícia Comunitária e de proximidade.;3.4
3.4.1.;Desenvolver e implementar programa de capacitação de Policiais Militares em policiamento orientado para o problema.;3.4
3.4.2.;Desenvolver e implementar programa de capacitação de Policiais Militares no curso de Promotor de Polícia Comunitária.;3.4
3.4.3.;Desenvolver e implementar programa de capacitação de Policiais Militares como multiplicadores de Polícia Comunitária.;3.4
3.4.4.;Desenvolver e implementar programa de capacitação, com ensino presencial ou à distância, para todos os Policiais Militares na filosofia de polícia comunitária e de proximidade.;3.4
3.4.5.;Inserir a disciplina de direitos humanos como temática transversal nos cursos profissionais desenvolvidos pela PMDF.;3.4
3.5.0.;Desenvolver e implementar programa de capacitação dos Policiais Militares para atuação em grandes eventos.;3.5
3.5.1.;Desenvolver e implementar programa de capacitação de Policiais Militares em línguas estrangeiras para atuação em grandes eventos e segurança de turistas, bem como para atuação em representações diplomáticas e organismos internacionais.;3.5
3.5.2.;Desenvolver e implementar programa de capacitação de Policiais Militares em qualidade no atendimento, relações sociais e humanas, mediação de conflitos, socorros de urgência, direitos humanos aplicados à atividade policial, ética profissional, legislação;3.5
3.5.3.;Desenvolver e implementar programa de capacitação de oficiais superiores e intermediários em nível de pós-graduação em planeicial do futuro. (INICIATIVA CONCLUÍDA);3.5
3.5.4.;Concluir projeto de curso de graduação em tecnologia em segurança e ordem pública para 5.000 Policiais Militares projeto pol;3.5
3.5.5.;Desenvolver e implementar programa de capacitação de oficiais gestores na metodologia de gerenciamento de projetos.;3.5
3.5.6.;Realizar convênios, parcerias ou contratos com instituição(ões) de nível superior para a realização de cursos de pós-graduação, extensão e de curta duração em apoio ao Instituto Superior de Ciências Policiais.;3.5
3.6.0.;Desenvolver a melhoria da qualidade de vida e condições de trabalho do efetivo da PMDF.;3.6
3.6.1.;Adquirir materiais e equipamentos permanentes para a atividade de saúde.;3.6
3.6.10.;Desenvolver estudos sobre doenças ocupacionais relacionadas à atividade policial.;3.6
3.6.11.;Desenvolver padrões de referência de materiais, acessórios, equipamentos e aparelhos utilizados nas unidades de saúde da PMDF.;3.6
3.6.12.;Desenvolver projeto para redução do absenteísmo.;3.6
3.6.13.;Desenvolver projetos com foco na melhoria das condições físicas dos Policiais Militares.;3.6
3.6.14.;Desenvolver projetos de humanização e sensibilização para profissionais da saúde.;3.6
3.6.15.;Desenvolver projetos e ações orientadas a melhoria das condições de saúde e qualidade de vida dos Policiais Militares, seus dependentes e pensionistas (programa de saúde da família policial militar).;3.6
3.6.16.;Implantação do Sistema de Apoio Integrado ao Inativo e Pensionista (SAIIP).;3.6
3.6.17.;Implantar unidades de formação sanitária no âmbito dos comandos de policiamento regionais e grandes batalhões.;3.6
3.6.2.;Desenvolver e implementar programa de capacitação para o efetivo de profissionais de apoio à saúde, dentro de seus quadros e especialidades;3.6
3.6.3.;Realizar convênios, parcerias ou contratos em saúde.;3.6
3.6.4.;Construir o centro médico/hospital da PMDF. (INICIATIVA CONCLUÍDA);3.6
3.6.5.;Modernizar instalações do Centro de Capacitação Física da PMDF.;3.6
3.6.6.;Edificar instalações da Diretoria de Saúde e Assistência ao Pessoal e de Apoio à Saúde.;3.6
3.6.7.;Criar núcleo de preparação para a inatividade e assistência à pessoa idosa.;3.6
3.6.8.;Criar projeto de segurança e prevenção de acidentes no trabalho.;3.6
3.6.9.;Criar, revisar e atualizar as normas gerais de ação de cada unidade do sistema de saúde da PMDF .;3.6
3.7.0.;Fomentar o processo de ensino de formação e capacitação continuada.;3.7
3.7.1.;Alinhar as disciplinas curriculares dos diversos cursos da PMDF à matriz curricular nacional da SENASP.;3.7
3.7.10.;Realizar continuamente os cursos obrigatórios das carreiras policiais militares.;3.7
3.7.11.;Revisar a matriz básica curricular para os cursos de formação, aperfeiçoamento, especialização e capacitação continuada da PMDF.;3.7
3.7.2.;Reestruturar fisicamente instalações das unidades do Departamento de Educação e Cultura.;3.7
3.7.3.;Implementar o Centro de Treinamento Operacional e de Tiro Policial.;3.7
3.7.4.;Criar o plano de capacitação continuada, aperfeiçoamento e especialização de pessoal da PMDF.;3.7
3.7.5.;Criar e normatizar o corpo permanente de instrutores e professores da PMDF.;3.7
3.7.6.;Desenvolver o perfil profissiográfico policial militar.;3.7
3.7.7.;Desenvolver sistemas de informações de apoio à atividade de educação e cultura da PMDF.;3.7
3.7.8.;Implantar estrutura de educação à distância (EAD) para capacitação técnico-profissional do efetivo policial militar.;3.7
3.7.9.;Realizar curso de formação de oficiais para manutenção do crescimento do efetivo em 50 oficiais por ano. (mensurar continuam ente o ingresso para dar fluxo de carreira);3.7
3.8.0.;Realizar concurso público para reposição de efetivos.;3.8
3.8.1.;Realizar, anualmente, concursos públicos para a reposição dos efetivos dos diversos quadros da PMDF, conforme previsão no Quadro Organizacional de Distribuição de Efetivo (QODE). (mensurar continuamente o ingresso para dar fluxo de carreira);3.8
3.8.2.;Elaborar estudos de efetivos para ingresso anual de Policiais Militares na Corporação.;3.8
3.8.3.;Fortalecer as estruturas de gestão do Plano Plurianual.;3.8
3.9.0.;Levar a saúde coletiva ao núcleo da família policial militar.;3.9
3.9.1.;Melhorar as condições de saúde e qualidade de vida dos Policiais Militares, seus dependentes e pensionistas (programa de saúde da família policial militar).;3.9
4.0.0.;Objetivo: Aprimorar a gestão dos recursos humanos.;4.0
4.1.0.;Aperfeiçoar a gestão e o con­trole de pessoal.;4.1
4.1.1.;Criar cédula de identificação segura, baseada em mecanismos de biometria ou smart card.;4.1
4.1.10.;Elaborar estudo para definição do modelo adequado para contratação e alocação de pessoal técnico-especializado.;4.1
4.1.11.;Elaborar plano de recrutamento e seleção de recursos humanos da PMDF.;4.1
4.1.12.;Elaborar políticas e projetos com foco na melhoria da capacidade técnica e física dos policiais militares.;4.1
4.1.13.;Elaborar políticas e projetos de saúde ocupacional e qualidade de vida no ambiente de trabalho.;4.1
4.1.14.;Criar e implantar processo de controle e fiscalização de atividades de pessoal.;4.1
4.1.15.;Elaborar projeto para regulamentar o plano de alocação de pessoal.;4.1
4.1.16.;Desenvolver e implantar um sistema anual de pontuação para avaliação e promoção.;4.1
4.1.17.;Elaboração, aprovação e implantação de nova normatização de ingresso nos quadros de saúde da PMDF.;4.1
4.1.2.;Criar e implantar o plano de alocação de pessoal.;4.1
4.1.3.;Desenvolver e implantar o plano de cargos e salários.;4.1
4.1.4.;Desenvolver modelo de gestão e avaliação de desempenho com foco em resultados.;4.1
4.1.5.;Desenvolver modelo de seleção, integração, manutenção, alocação, realocação e readaptação de servidor.;4.1
4.1.6.;Desenvolver projeto de gestão de e por competências, incluindo a composição de banco de talentos.;4.1
4.1.7.;Desenvolver sistema de informações de controle de alterações e assentamento de pessoal.;4.1
4.1.8.;Desenvolver sistema de informações de identificação de pessoal militar.;4.1
4.1.9.;Desenvolver sistema de informações para a manutenção de prontuários digitais na PMDF.;4.1
5.0.0.;Objetivo: Estimular o desenvolvimento técnico-científico em segurança pública.;5.0
5.1.0.;Fomentar estudos, iniciativas e projetos na área de segurança pública.;5.1
5.1.1.;Criar a revista científica do Instituto Superior de Ciências Policiais.;5.1
5.1.2.;Criar o núcleo de estudos e pesquisa em segurança pública, violência e conflitualidade.;5.1
5.1.3.;Criar programa de pesquisa no âmbito do DEC em parceria com segmentos da sociedade.;5.1
5.1.4.;Realizar convênios, parcerias ou contratos com CNPQ, FAP-DF ou congêneres, no governo local ou federal, para o fomento de pesquisas de interesses da PMDF.;5.1
6.0.0.;Objetivo: Incrementar as atividades disciplinares e correcionais.;6.0
6.1.0.;Fortalecer a estrutura de controle de condutas criminais praticados por Policiais Militares do Distrito Federal.;6.1
6.1.1.;Edificar sede do Departamento de Controle e Correição.;6.1
6.1.2.;Elaborar programa de reeducação do Policial Militar condenado à pena restritiva de liberdade na Justiça Militar.;6.1
6.1.3.;Edificar instalações prediais para o Presídio Militar.;6.1
6.1.4.;Realizar convênios, parcerias, acordo de cooperação ou contratos com sistema prisional para implantação de sistema de informações para o controle de proce­dimentos administrativos e criminais militares.;6.1
6.2.0.;Fortalecer a estrutura de controle de condutas disciplinares e ético-profissionais.;6.2
6.2.1.;Implementar programa de capacitação de Policiais Militares em Polícia Judiciária Militar.;6.2
6.2.2.;Criar e implantar o novo Código de Disciplina e Ética da Corporação.;6.2
6.2.3.;Criar e implantar o policiamento ostensivo disciplinar. (INICIATIVA CONCLUÍDA);6.2
6.3.0.;Implementar órgãos de perícia na Corporação.;6.3
6.3.1.;Edificar sedes dos órgãos de Perícia na Corporação.;6.3
6.3.2.;Implantar programa de especialização de Policiais Militares na atividade Pericial.;6.3
6.3.3.;Dotar a atividade Pericial de pessoal policial militar, tecnologia, equipamentos e serviços de tecnologia da informação e comunicações.;6.3
6.3.4.;Desenvolver sistemas de informação de suporte à atividade Pericial.;6.3
6.3.5.;Implantar programa de conscientização para a atividade Pericial e suas especificidades.;6.3
7.0.0.;Objetivo: Promover a motivação dos recursos humanos.;7.0
7.1.0.;Desenvolver programas motivacionais para Policiais Militares e dependentes.;7.1
7.1.1.;Criar programa de inclusão digital para os Policiais Militares e seus dependentes.;7.1
7.1.2.;Criar programas de valorização do capital humano.;7.1
7.1.3.;Criar creches para os filhos de Policiais Militares.;7.1
7.1.4.;Criar e implantar sistema de méritos.;7.1
7.1.5.;Realizar gestões para a criação de um programa habitacional para Policiais Militares.;7.1
7.2.0.;Implantar o Colégio Militar Tiradentes (CMT) para dependentes de Policiais Militares do DF e comunidades.;7.2
7.2.1.;Criar e regulamentar o Colégio Militar Tiradentes. (INICIATIVA CONCLUÍDA);7.2
7.2.2.;Edificar a sede do Colégio Militar Tiradentes.;7.2
7.2.3.;Dotar o Colégio Militar Tiradentes de equipamentos, viaturas, ferramentas e materiais de caráter específico para suas atividades.;7.2
7.2.4.;Dotar o Colégio Militar Tiradentes de recursos humanos que garantam sua efetividade (professores e de profissionais de outra s áreas).;7.2
8.0.0.;Objetivo: Aprimorar a gestão logística.;8.0
8.1.0.;Prover a Corporação de edificações de apoio à logística, finanças e telemática.;8.1
8.1.1.;Dotar a Corporação de auditórios.;8.1
8.1.2.;Dotar a Corporação de abrigadouros para viaturas de grande porte (garagens-abrigo).;8.1
8.1.3.;Edificar sede da Diretoria de Telemática.;8.1
8.2.0.;Criar e regulamentar unidades de apoio à logística.;8.2
8.2.1.;Implantar Centro Gráfico da PMDF.;8.2
8.3.0.;Otimizar os processos logísticos.;8.3
8.3.1.;Padronizar por estudos específicos as necessidades de materiais, equipamentos, viaturas e serviços utilizados pela Corporação.;8.3
8.3.2.;Realizar convênios, parcerias, acordos de cooperação ou contratos para desenvolvimento de projetos de engenharia e arquitetura.;8.3
8.3.3.;Criar e implantar modelo de gestão inteligente da frota, material bélico e suprimentos.;8.3
8.3.4.;Desenvolver sistema de informações para controle automatizado de patrimônio.;8.3
8.3.5.;Desenvolver estudos sobre a terceirização de serviços na PMDF.;8.3
8.3.6.;Descentralizar serviços na PMDF.;8.3
8.4.0.;Implantar a gestão informatizada de obras da PMDF.;8.4
8.4.1.;Criar e implementar modelo de plano de obras e plano de projetos da PMDF.;8.4
8.4.2.;Ampliar o funcionamento da Seção de Compras e Licitações.;8.4
8.5.0.;Normatizar os processos de aquisição de bens ou serviços.;8.5
8.5.1.;Criar indicadores para aferição dos processos para aquisição de bens e serviços.;8.5
8.5.2.;Criar e implementar modelo de gestão de bens de consumo da Corporação.;8.5
8.5.3.;Criar e implementar modelo de gestão de bens e serviços da Corporação.;8.5
8.5.4.;Estabelecer normas para confecção de documentos de aquisição de bens e serviços.;8.5
8.5.5.;Padronizar bens móveis, imóveis, semoventes e serviços.;8.5
9.0.0.;Objetivo: Implementar a gestão estratégica.;9.0
9.1.0.;Criar modelos de processos de gestão organizacional.;9.1
9.1.1.;Desenvolver projeto para mapeamento, análise e melhoria de processos da PMDF.;9.1
9.1.2.;Criar e implantar Procedimentos Operacionais Padrão.;9.1
9.1.3.;Elaborar estudos e implantar novos uniformes da PMDF. (INICIATIVA CONCLUÍDA);9.1
9.1.4.;Elaborar e implantar novo regulamento de uniformes da PMDF (RUPM). (INICIATIVA CONCLUÍDA);9.1
9.1.5.;Elaborar manual de doutrina, procedimentos, fiscalização e controle operacional da atividade policial militar (Manual Básico de Policiamento).;9.1
9.1.6.;Criar o catálogo de serviços da PMDF.;9.1
9.2.0.;Desenvolver parcerias estratégicas.;9.2
9.2.1.;Desenvolver parcerias estratégicas com foco nos grandes eventos.;9.2
9.2.10.;Realizar gestões, junto às esferas governamental, federal e distrital, para obtenção de áreas para a construção de novos aquartelamentos, para ampliação da distribuição territorial da PMDF.;9.2
9.2.2.;Desenvolver parcerias estratégicas com foco na qualidade de vida.;9.2
9.2.3.;Desenvolver parcerias estratégicas para a melhoria da qualidade em segurança pública.;9.2
9.2.4.;Estabelecer parcerias com órgãos nacionais e internacionais para intercâmbio de conhecimentos em segurança pública.;9.2
9.2.5.;Estabelecer parcerias com outras organizações governamentais, não governamentais e empresas privadas para fomentar o desenvolvimento da atividade de Segurança Pública no Distrito Federal.;9.2
9.2.6.;Estabelecer parcerias com a sociedade civil para fomentar a defesa dos direitos humanos e cidadania.;9.2
9.2.7.;Estabelecer parcerias para formação de rede de informações com os profissionais da área de segurança privada e com a comunidade, a fim de prevenir a incidência de crimes.;9.2
9.2.8.;Realizar gestões com os diversos órgãos distritais para a implantação do Termo Circunstanciado e Boletim Eletrônico de Ocorrências.;9.2
9.2.9.;Realizar gestões para a integração das bases de dados em Segurança Pública do Distrito Federal e Governo Federal.;9.2
9.3.0.;Desenvolver planos de apoio ao desdobramento estratégico.;9.3
9.3.1.;Desenvolver e implantar o plano de articulação territorial das unidades operacionais da Polícia Militar do Distrito Federal.;9.3
9.3.10.;Elaborar e implantar Plano Diretor de Recursos Humanos. (INICIATIVA CONCLUÍDA);9.3
9.3.11.;Elaborar e implantar o Plano Diretor de Tecnologia da Informação.  (INICIATIVA CONCLUÍDA);9.3
9.3.12.;Elaborar e implantar o Plano Diretor de Gestão em Inteligência. (INICIATIVA CONCLUÍDA);9.3
9.3.13.;Elaborar e implantar Portfólio de Projetos. (INICIATIVA CONCLUÍDA);9.3
9.3.14.;Elaborar planos específicos para emprego da força policial na Copa do Mundo de 2014. (INICIATIVA CONCLUÍDA);9.3
9.3.15.;Elaborar e implantar o Plano Diretor de Gestão em Polícia Comunitária, de Proximidade e Direitos Humanos.;9.3
9.3.2.;Elaborar e implantar Plano Diretor de Controle e Correição.;9.3
9.3.3.;Elaborar e implantar Plano Diretor de Missões Especiais. (INICIATIVA CONCLUÍDA);9.3
9.3.4.;Elaborar e implantar Plano Diretor de Saúde e Assistência ao Pessoal. (INICIATIVA CONCLUÍDA);9.3
9.3.5.;Elaborar e implantar Plano Diretor da Atividade Operacional. (INICIATIVA CONCLUÍDA);9.3
9.3.6.;Elaborar e implantar Plano Diretor de Comunicação Social e Marketing. (INICIATIVA CONCLUÍDA);9.3
9.3.7.;Elaborar e implantar Plano Diretor de Educação e Cultura. (INICIATIVA CONCLUÍDA);9.3
9.3.8.;Elaborar e implantar Plano Diretor de Logística. (INICIATIVA CONCLUÍDA);9.3
9.3.9.;Elaborar e implantar Plano Diretor de Orçamento e Finanças. (INICIATIVA CONCLUÍDA);9.3
9.4.0.;Desenvolver projetos estratégicos.;9.4
9.4.1.;Desenvolver e implantar projetos de sistemas de gestão.;9.4
9.4.2.;Desenvolver e implantar projetos e ações com foco na Copa do Mundo de 2014. (INICIATIVA CONCLUÍDA);9.4
9.4.3.;Desenvolver e implantar programas e ações com foco em responsabilidade e sustentabilidade ambiental.;9.4
9.4.4.;Desenvolver e implantar projeto de sistematização de comando e controle das atividades operacionais e administrativas da PMD;9.4
9.5.0.;Desenvolver sistemas de gestão estratégica, financeira e orçamentária.;9.5
9.5.1.;Desenvolver e implantar sistema de gestão estratégica.;9.5
9.5.10.;Desenvolver e implantar sistema de ensino e instrução.;9.5
9.5.11.;Desenvolver e implantar sistema de Inteligência Policial.;9.5
9.5.12.;Desenvolver e implantar sistema de controle operacional da PMDF.;9.5
9.5.2.;Desenvolver e implantar sistemas de gestão da qualidade.;9.5
9.5.3.;Desenvolver e implantar sistema de gestão de risco.;9.5
9.5.4.;Desenvolver e implantar sistema gestão para controle dos processos de Comando e Estado-Maior.;9.5
9.5.5.;Desenvolver e implantar sistema de gestão de pessoal.;9.5
9.5.6.;Desenvolver e implantar sistema de controle logístico.;9.5
9.5.7.;Desenvolver e implantar sistema de controle financeiro e orçamentário.;9.5
9.5.8.;Desenvolver e implantar sistema de controle e correição.;9.5
9.5.9.;Desenvolver e implantar sistema de ouvidoria e atendimento ao cidadão.;9.5
9.6.0.;Estratégia: implementar a cultura estratégica na PMDF.;9.6
9.6.1.;Conduzir as iniciativas relacionadas à reestruturação organizacional da PMDF, com base na Lei 12.086/09.(INICIATIVA CONCLUÍDA);9.6
9.6.2.;Conduzir as iniciativas relacionadas à nova reestruturação organizacional na PMDF.;9.6
9.6.3.;Consolidar o Estado-Maior como Órgão de Assessoramento Estratégico da PMDF. (INICIATIVA CONCLUÍDA);9.6
9.6.4.;Criar e regulamentar Núcleo de Inteligência Estratégica.;9.6
9.6.5.;Consolidar o Modelo de Análise Criminal da PMDF. (INICIATIVA CONCLUÍDA);9.6
9.6.6.;Criar e regulamentar Escritório de Gerenciamento de Proje­tos do Estado-Maior. (INICIATIVA CONCLUÍDA);9.6
9.6.7.;Criar e regulamentar Seção de Assuntos Institucionais e Comunicação Social no Estado-Maior. (INICIATIVA CONCLUÍDA);9.6
9.6.8.;Criar e regulamentar unidade de Gestão da Qualidade, no Estado-Maior. (INICIATIVA CONCLUÍDA);9.6
9.6.9.;Desenvolver planos diretores das áreas administrativas e ope­racionais. (INICIATIVA CONCLUÍDA);9.6
9.7.0.;Implementar a cultura da gestão de risco na PMDF.;9.7
9.7.1.;Implementar o Plano de Gestão de Risco na PMDF. (INICIATIVA CONCLUÍDA);9.7
9.7.2.;Criar Comissão Permanente de Gestão de Risco. (INICIATIVA CONCLUÍDA);9.7
9.8.0.;Assegurar o desenvolvimento e a disseminação da gestão da qualidade na PMDF.;9.8
9.8.1.;Apresentar um programa de excelência em gestão.;9.8
9.8.2.;Elaborar e implantar indicadores de gestão.;9.8
9.8.3.;Desenvolver parcerias estratégicas voltadas para as demandas da gestão da qualidade.;9.8
9.8.4.;Elaborar critérios para a formação de núcleos de gestão da qualidade nos órgãos da PMDF.;9.8
9.8.5.;Realizar cursos na área de gestão da qualidade, podendo ser em parceria com outras instituições.;9.8
9.8.6.;Elaborar estudos temáticos de trabalhos técnico-científicos para a produção do conhecimento na área de gestão da qualidade.;9.8
9.8.7.;Desenvolver ações para mapeamento, análise e melhoria de processos da PMDF.;9.8
9.8.8.;Criar e implantar prêmio da qualidade para a Polícia Militar do Distrito Federal.;9.8
9.8.9.;Desenvolver e implantar sistemas de gestão da qualidade.;9.8
