"","","","","GOVERNO DO DISTRITO FEDERAL","","","","",""
"","","","Lista Ação","","","","","",""
"","","","","","","Lista Projeto","","",""
"Código da Ação","","","","","0000","","","",""
"Código","","","","","Nome","","","",""
"1001","","","","","CONSTRUÇÃO DE CRECHES","","","",""
"1006","","","","","REFORMA E BENFEITORIAS NO EDIFÍCIO SEDE DA CLDF","","","",""
"1077","","","","","CONSTRUÇÃO DA ESCOLA METROVIÁRIA .","","","",""
"1079","","","","","CONSTRUÇÃO DE ESPAÇOS ESPORTIVOS","","","",""
"1085","","","","","AQUISIÇÃO E RECUPERAÇÃO DE IMÓVEIS","","","",""
"1110","","","","","EXECUÇÃO DE OBRAS DE URBANIZAÇÃO","","","",""
"1133","","","","","IMPLANTAÇÃO DE INFRAESTRUTURA DE DISTRIBUIÇÃO DE E","","","",""
"1141","","","","","REFORMA DO HEMOCENTRO","","","",""
"1142","","","","","AQUISIÇÃO DE VEÍCULOS","","","",""
"1176","","","","","IMPLANTAÇÃO DO PROJETO BIBLIOTECA DIGITAL","","","",""
"1213","","","","","CONSTRUÇÃO DE UNIDADES HABITACIONAIS","","","",""
"1223","","","","","RECUPERAÇÃO DE OBRAS DE ARTE ESPECIAIS - PONTES, P","","","",""
"1226","","","","","COMPENSAÇÃO AMBIENTAL","","","",""
"1230","","","","","RECUPERAÇÃO AMBIENTAL EM ÁREAS DE INTERESSE","","","",""
"1235","","","","","CONSTRUÇÃO DE EQUIPAMENTOS PÚBLICOS DE PROTEÇÃO SO","","","",""
"1284","","","","","CONSTRUÇÃO DE TERMINAL DE ÔNIBUS URBANO","","","",""
"1302","","","","","CONSTRUÇÃO DE FEIRAS","","","",""
"1337","","","","","RECUPERAÇÃO DE ÁREAS URBANIZADAS","","","",""
"1347","","","","","CONSTRUÇÃO DE PASSARELA","","","",""
"1460","","","","","IMPLANTAÇÃO DE RODOVIAS","","","",""
"1471","","","","","MODERNIZAÇÃO DE SISTEMA DE INFORMAÇÃO","","","",""
"1474","","","","","CONSTRUÇÃO DE QUARTÉIS","","","",""
"1475","","","","","RECUPERAÇÃO DE RODOVIAS","","","",""
"1482","","","","","REFORMA DE QUARTÉIS","","","",""
"1506","","","","","IMPLANTAÇÃO DE ABRIGOS PARA PASSAGEIROS DO TRANSPO","","","",""
"1564","","","","","REFORMA DE UNIDADE DE ATENDIMENTO","","","",""
"1569","","","","","DESENVOLVIMENTO DOS PROGRAMAS NACIONAIS DE SEGURAN","","","",""
"1571","","","","","AMPLIAÇÃO DE UNIDADE DE ATENDIMENTO","","","",""
"1583","","","","","REFORMA DE EQUIPAMENTOS PÚBLICOS DE PROTEÇÃO SOCIA","","","",""
"1606","","","","","CONSTRUÇÃO DE PRAÇA DE ESPORTE E CULTURA","","","",""
"1670","","","","","GESTÃO DE PROJETOS DE CONSERVAÇÃO AMBIENTAL","","","",""
"1689","","","","","CONSTRUÇÃO DO ANEL VIÁRIO","","","",""
"1692","","","","","IMPLANTAÇÃO DO CENTRO DE TECNOLOGIA DA INFORMAÇÃO","","","",""
"1709","","","","","CONSTRUÇÃO DE UNIDADES DO SISTEMA PENITENCIÁRIO","","","",""
"1720","","","","","REFORMA DE UNIDADES DO SISTEMA PENITENCIÁRIO","","","",""
"1731","","","","","IMPLANTAÇÃO DO SISTEMA DE MONITORAMENTO E SEGURANÇ","","","",""
"1732","","","","","CONSTRUÇÃO DE UNIDADES DE TRANSBORDO","","","",""
"1743","","","","","AMPLIAÇÃO DE UNIDADE DE VIGILÂNCIA EM SAÚDE","","","",""
"1754","","","","","REFORMA DE UNIDADES DE ATENDIMENTO À CRIANÇA, AO A","","","",""
"1755","","","","","PROGRAMA NACIONAL DE ACESSO AO ENSINO TECNICO E EM","","","",""
"1758","","","","","REFORMA DE CENTRO DE ATENDIMENTO AO TURISTA","","","",""
"1766","","","","","CONSTRUÇÃO DE RECINTOS PARA ANIMAIS","","","",""
"1768","","","","","IMPLANTAÇÃO DE INFRA-ESTRUTURA PARA DISTRIBUIÇÃO D","","","",""
"1794","","","","","IMPLANTAÇÃO DE VEÍCULO LEVE SOBRE PNEUS - VLP EIXO","","","",""
"1812","","","","","MODERNIZAÇÃO DOS SISTEMAS ELÉTRICOS, MECÂNICOS E O","","","",""
"","Página:","1","","","","","Emitido em:","01/03/2021 21:57:12",""
"","","","","GOVERNO DO DISTRITO FEDERAL","","","","",""
"","","","Lista Ação","","","","","",""
"","","","","","","Lista Projeto","","",""
"Código da Ação","","","","","0000","","","",""
"Código","","","","","Nome","","","",""
"1813","","","","","IMPLANTAÇÃO DE UNIDADE DE ENSINO","","","",""
"1816","","","","","IMPLEMENTAÇÃO DA LINHA 1 DO METRÔ","","","",""
"1823","","","","","IMPLANTAÇÃO DE RESERVA INDÍGENA","","","",""
"1825","","","","","CONSTRUÇÃO DE UNIDADES DO SISTEMA SOCIOEDUCATIVO","","","",""
"1827","","","","","EXPANSÃO DO SISTEMA DE ABASTECIMENTO DE ÁGUA","","","",""
"1831","","","","","EXPANSÃO DO SISTEMA DE ABASTECIMENTO DE ÁGUA - COR","","","",""
"1832","","","","","EXPANSÃO DO SISTEMA DE ESGOTAMENTO SANITÁRIO","","","",""
"1836","","","","","AMPLIAÇÃO DOS PONTOS DE ILUMINAÇÃO PÚBLICA","","","",""
"1848","","","","","EXPANSÃO DO SISTEMA DE ABASTECIMENTO DE ÁGUA NA ÁR","","","",""
"1859","","","","","EXPANSÃO DO SISTEMA DE SANEAMENTO ÁGUAS LINDAS - G","","","",""
"1881","","","","","IMPLANTAÇÃO DE TREM REGIONAL","","","",""
"1888","","","","","IMPLANTAR SISTEMA DE PARTICIPAÇÃO POPULAR NO PROGR","","","",""
"1891","","","","","REFORMA DA RODOVIÁRIA DO PLANO PILOTO","","","",""
"1948","","","","","IMPLANTAÇÃO DO PROGRAMA DRENAR/DF","","","",""
"1950","","","","","CONSTRUÇÃO DE PRAÇAS PÚBLICAS E PARQUES","","","",""
"1968","","","","","ELABORAÇÃO DE PROJETOS","","","",""
"1984","","","","","CONSTRUÇÃO DE PRÉDIOS E PRÓPRIOS","","","",""
"1994","","","","","FORTALECIMENTO E MODERNIZAÇÃO DO LICENCIAMENTO AMB","","","",""
"1998","","","","","PROJETO - ZÔO DE CONSCIENTIZAÇÃO E EDUCAÇÃO AMBIEN","","","",""
"1999","","","","","FORTALECIMENTO E MODERNIZAÇÃO DA FISCALIZAÇÃO AMBI","","","",""
"2024","","","","","APOIO AO DESPORTO E LAZER","","","",""
"2042","","","","","MANUTENÇÃO DO FUNDO DE ASSISTÊNCIA À SAÚDE DOS SER","","","",""
"2060","","","","","ATENDIMENTO DE URGÊNCIA PRÉ-HOSPITALAR (SAMU)","","","",""
"2079","","","","","MANUTENÇÃO DAS ATIVIDADES DE LIMPEZA PÚBLICA","","","",""
"2083","","","","","DESENVOLVIMENTO DE CURSOS DE GRADUAÇÃO","","","",""
"2094","","","","","PROMOÇÃO DE ASSISTÊNCIA SOCIAL COMUNITÁRIA","","","",""
"2119","","","","","DESENVOLVIMENTO DE CURSOS DE EDUCAÇÃO PROFISSIONAL","","","",""
"2145","","","","","SERVIÇOS ASSISTENCIAIS COMPLEMENTARES EM SAÚDE","","","",""
"2160","","","","","MANUTENÇÃO DAS ATIVIDADES DE EDUCAÇÃO FÍSICA","","","",""
"2173","","","","","PRESTAÇÃO DE SERVIÇO DE ASSISTÊNCIA TÉCNICA E EXTE","","","",""
"2175","","","","","FOMENTO À PESQUISA","","","",""
"2179","","","","","ASSISTÊNCIA AOS DEPENDENTES QUÍMICOS DO DISTRITO F","","","",""
"2230","","","","","GESTÃO DA INFORMAÇÃO","","","",""
"2239","","","","","CONCESSÃO DE BOLSA DO MENOR APRENDIZ","","","",""
"2267","","","","","ASSISTÊNCIA AO CONSUMIDOR","","","",""
"2268","","","","","ASSISTÊNCIA AO IDOSO","","","",""
"2316","","","","","CONSERVAÇÃO DE OBRAS DE ARTE ESPECIAIS - PONTES, P","","","",""
"2319","","","","","RECUPERAÇÃO DE OBRAS DE ARTE CORRENTES - BUEIROS E","","","",""
"2322","","","","","BOMBEIRO AMIGO","","","",""
"2329","","","","","DESAPROPRIAÇÃO EM ÁREAS DE INTERESSE","","","",""
"2334","","","","","COLETA DOMICILIAR DE LEITE MATERNO","","","",""
"2340","","","","","BOMBEIRO MIRIM","","","",""
"2386","","","","","MODERNIZAÇÃO DO CONTROLE EXTERNO","","","",""
"2388","","","","","MANUTENÇÃO DA EDUCAÇÃO INFANTIL","","","",""
"2389","","","","","MANUTENÇÃO DO ENSINO FUNDAMENTAL","","","",""
"","Página:","2","","","","","Emitido em:","01/03/2021 21:57:12",""
"","","","","GOVERNO DO DISTRITO FEDERAL","","","","",""
"","","","Lista Ação","","","","","",""
"","","","","","","Lista Projeto","","",""
"Código da Ação","","","","","0000","","","",""
"Código","","","","","Nome","","","",""
"2390","","","","","MANUTENÇÃO DO ENSINO MÉDIO","","","",""
"2391","","","","","MANUTENÇÃO DA EDUCAÇÃO PROFISSIONAL","","","",""
"2392","","","","","MANUTENÇÃO DA EDUCAÇÃO DE JOVENS E ADULTOS","","","",""
"2393","","","","","MANUTENÇÃO DA EDUCAÇÃO ESPECIAL","","","",""
"2396","","","","","CONSERVAÇÃO DAS ESTRUTURAS FÍSICAS DE EDIFICAÇÕES","","","",""
"2397","","","","","AQUISIÇÃO DE GÁS NATURAL","","","",""
"2402","","","","","MONITORAMENTO DAS ÁREAS DO TERRITÓRIO DO DISTRITO","","","",""
"2411","","","","","GESTÃO DESCENTRALIZADA DO SISTEMA ÚNICO DE ASSISTÊ","","","",""
"2412","","","","","MANUTENÇÃO E FUNCIONAMENTO DO CENTRO DE ATENDIMENT","","","",""
"2414","","","","","PARTICIPAÇÃO DA CÂMARA LEGISLATIVA EM INSTITUIÇÕES","","","",""
"2415","","","","","MANUTEÇÃO DO CENTRO DE GESTÃO INTEGRADA - CGI","","","",""
"2417","","","","","MANUTENÇÃO DA RÁDIO CULTURA","","","",""
"2422","","","","","CONCESSÃO DE BOLSA ESTÁGIO","","","",""
"2426","","","","","FORTALECIMENTO DAS AÇÕES DE APOIO AO INTERNO E SUA","","","",""
"2442","","","","","BOLSA EDUCAÇÃO INFANTIL","","","",""
"2446","","","","","CARTÃO MATERIAL ESCOLAR","","","",""
"2454","","","","","ATENÇÃO AOS PACIENTES COM COAGULOPATIAS HEREDITÁRI","","","",""
"2455","","","","","MANUTENÇÃO DO EQUILÍBRIO FINANCEIRO DO SISTEMA DE","","","",""
"2458","","","","","GESTÃO E MANUTENÇÃO DO SISTEMA DE TRANSPORTE PÚBLI","","","",""
"2460","","","","","CAMPANHAS EDUCATIVAS DE TRÂNSITO","","","",""
"2461","","","","","APOIO ÀS AÇÕES INTERSETORIAIS DE PROTEÇÃO ESPECIAL","","","",""
"2465","","","","","GESTÃO DO ACERVO HISTÓRICO DO DISTRITO FEDERAL","","","",""
"2469","","","","","GESTÃO DAS ATIVIDADES DE ENGENHARIA DE TRÂNSITO","","","",""
"2478","","","","","MANUTENÇÃO DA ORQUESTRA SINFÔNICA DO TEATRO NACION","","","",""
"2484","","","","","HONORÁRIOS ADVOCATÍCIOS","","","",""
"2485","","","","","CONSERVAÇÃO E RECUPERAÇÃO DA FLORA","","","",""
"2512","","","","","COORDENAÇÃO DA IMPLANTAÇÃO DA COLETA SELETIVA SOLI","","","",""
"2516","","","","","COORDENAÇÃO DA IMPLANTAÇÃO DO PLANO DE INCLUSÃO SO","","","",""
"2534","","","","","MODERNIZAÇÃO E AMPLIAÇÃO DO MONITORAMENTO AMBIENTA","","","",""
"2535","","","","","GESTÃO DA FAUNA","","","",""
"2536","","","","","SANIDADE E CONTROLE REPRODUTIVO DA FAUNA","","","",""
"2540","","","","","FORNECIMENTO DE ALIMENTAÇÃO AOS PRESIDIÁRIOS","","","",""
"2541","","","","","POLICIAMENTO E FISCALIZAÇÃO DE TRÂNSITO","","","",""
"2543","","","","","PREVENÇÃO DE RISCOS AMBIENTAIS","","","",""
"2551","","","","","ATUALIZAÇÃO E MODERNIZAÇÃO DO ACERVO E DOCUMENTOS","","","",""
"2554","","","","","DESENVOLVIMENTO DE CURSOS DE PÓS-GRADUAÇÃO","","","",""
"2557","","","","","GESTÃO DA INFORMAÇÃO E DOS SISTEMAS DE TECNOLOGIA","","","",""
"2562","","","","","MANUTENÇÃO DE UNIDADE DE CONSERVAÇÃO","","","",""
"2567","","","","","GESTÃO DE FLORA E RECURSOS FLORESTAIS","","","",""
"2573","","","","","CONSOLIDAÇÃO DAS ÁREAS DE AMORTECIMENTO DA EEJBB","","","",""
"2575","","","","","PROMOÇÃO DO DESENVOLVIMENTO ECONÔMICO E SUSTENTÁVE","","","",""
"2577","","","","","GESTÃO DO CENTRO DE EXCELÊNCIA DO CERRADO","","","",""
"2578","","","","","CERIMONIAL DO GOVERNADOR","","","",""
"2579","","","","","MANUTENÇÃO E FUNCIONAMENTO DE CONSELHO","","","",""
"2580","","","","","CONSERVAÇÃO DE RECURSOS HÍDRICOS","","","",""
"","Página:","3","","","","","Emitido em:","01/03/2021 21:57:12",""
"","","","","GOVERNO DO DISTRITO FEDERAL","","","","",""
"","","","Lista Ação","","","","","",""
"","","","","","","Lista Projeto","","",""
"Código da Ação","","","","","0000","","","",""
"Código","","","","","Nome","","","",""
"2581","","","","","LOGÍSTICA PARA ARMAZENAMENTO E DISTRIBUIÇÃO DE MED","","","",""
"2582","","","","","MANUTENÇÃO DAS INSTALAÇÕES DE RECUPERAÇÃO DE RESÍD","","","",""
"2583","","","","","INCLUSÃO PRODUTIVA DOS CATADORES","","","",""
"2585","","","","","DESENVOLVIMENTO DE AÇÕES PARA REDE DE ATENÇÃO AO U","","","",""
"2590","","","","","FOMENTO A EMPREENDIMENTOS E TERRITÓRIOS CRIATIVOS","","","",""
"2593","","","","","PROTEÇÃO ÀS VÍTIMAS, TESTEMUNHAS E SEUS FAMILIARES","","","",""
"2596","","","","","DESENVOLVIMENTO DE AÇÕES DO LABORATÓRIO CENTRAL DE","","","",""
"2598","","","","","DESENVOLVIMENTO DE AÇÕES DE VIGILÂNCIA EM SAÚDE DO","","","",""
"2601","","","","","DESENVOLVIMENTO DE AÇÕES DE VIGILÂNCIA AMBIENTAL","","","",""
"2602","","","","","DESENVOLVIMENTO DE AÇÕES DE VIGILÂNCIA SANITÁRIA","","","",""
"2605","","","","","DESENVOLVIMENTO DE AÇÕES DE VIGILÂNCIA EPIDEMIOLÓG","","","",""
"2610","","","","","DESENVOLVIMENTO DE AÇÕES DE PREVENÇÃO E CONTROLE D","","","",""
"2612","","","","","FOMENTO À DEFESA AGROPECUÁRIA","","","",""
"2614","","","","","IMPLEMENTAÇÃO DE POLÍTICAS DE ABASTECIMENTO E DESE","","","",""
"2618","","","","","DESENVOLVIMENTO DE CURSOS DE EXTENSÃO UNIVERSITÁRI","","","",""
"2619","","","","","ATENÇÃO À SAÚDE E QUALIDADE DE VIDA","","","",""
"2620","","","","","FOMENTO ÀS ATIVIDADES RURAIS","","","",""
"2627","","","","","MANUTENÇÃO DA CASA DA MULHER BRASILEIRA","","","",""
"2628","","","","","MANUTENÇÃO DO CENTRO DE REFERÊNCIA DE DIREITOS HUM","","","",""
"2629","","","","","GESTÃO DAS ATIVIDADES DE ATENDIMENTO AOS USUÁRIOS","","","",""
"2630","","","","","FORTALECIMENTO DA FISCALIZAÇÃO , MONITORAMENTO E C","","","",""
"2631","","","","","APOIO AO COMPETE BRASÍLIA","","","",""
"2639","","","","","Gestão do Parque de Exposições","","","",""
"2654","","","","","TRATAMENTO E MANEJO DE RESÍDUOS DE SAÚDE","","","",""
"2661","","","","","FORTALECIMENTO DO COOPERATIVISMO, ASSOCIATIVISMO E","","","",""
"2667","","","","","PROMOÇÃO DE AÇÕES DE QUALIFICAÇÃO SOCIAL PARA PESS","","","",""
"2668","","","","","DESENVOLVIMENTO DE AÇÕES PARA OS SEGMENTOS DO EMPR","","","",""
"2683","","","","","REGULAÇÃO DOS USOS DOS RECURSOS HÍDRICOS NO DF","","","",""
"2689","","","","","REALIZAÇÃO DE ESTUDOS E PESQUISAS SOCIOAMBIENTAIS","","","",""
"2695","","","","","REGULAÇÃO DE SERVIÇOS PÚBLICOS","","","",""
"2698","","","","","GESTÃO DAS ATIVIDADES DE FROTA","","","",""
"2699","","","","","IMPLANTAÇÃO DO PROGRAMA BRASÍLIA NOS PARQUES","","","",""
"2701","","","","","INCENTIVO AO DESENVOLVIMENTO DE AÇÕES DE RECUPERAÇ","","","",""
"2705","","","","","ARTICULAÇÃO INSTITUCIONAL PARA CONSERVAÇÃO DA FAUN","","","",""
"2706","","","","","IMPLANTAÇÃO DO PROGRAMA BRASÍLIA SOLAR","","","",""
"2717","","","","","GESTÃO DE RISCOS CLIMÁTICOS","","","",""
"2725","","","","","MANUTENÇÃO DA RODOVIÁRIA DO PLANO PILOTO","","","",""
"2726","","","","","MODERNIZAÇÃO DA INFRAESTRUTURA, SERVIÇOS E EQUIPAM","","","",""
"2727","","","","","MANUTENÇÃO DO SISTEMA PENITENCIÁRIO DO DF","","","",""
"2737","","","","","IMPLEMENTAÇÃO DE POLÍTICAS DE REINSERÇÃO SOCIAL E","","","",""
"2754","","","","","PROGRAMA RENDA JOVEM CIDADANIA","","","",""
"2756","","","","","MANUTENÇÃO E FUNCIONAMENTO DO SISTEMA FERROVIÁRIO","","","",""
"2761","","","","","FORNECIMENTO DE CAFÉ DA MANHÃ AO TRABALHADOR","","","",""
"2764","","","","","MANUTENÇÃO DAS ATIVIDADES DE JUSTIÇA E CIDADANIA","","","",""
"2772","","","","","FOMENTO À DEFESA SANITÁRIA ANIMAL","","","",""
"","Página:","4","","","","","Emitido em:","01/03/2021 21:57:12",""
"","","","","GOVERNO DO DISTRITO FEDERAL","","","","",""
"","","","Lista Ação","","","","","",""
"","","","","","","Lista Projeto","","",""
"Código da Ação","","","","","0000","","","",""
"Código","","","","","Nome","","","",""
"2773","","","","","MANUTENÇÃO DO CENTRO INTEGRADO DE COMANDO E CONTRO","","","",""
"2775","","","","","FORTALECIMENTO DA ESTRATÉGIA PREVENTIVA DE SEGURAN","","","",""
"2776","","","","","PREVENÇÃO E REPOSTAS ÀS EMERGÊNCIAS E DESASTRES","","","",""
"2779","","","","","ATENDIMENTO ÀS SITUAÇÕES DE DESORDEM PÚBLICA (INCI","","","",""
"2780","","","","","INSPEÇÃO E FISCALIZAÇÃO DE PRODUTOS DE ORIGEM VEGE","","","",""
"2781","","","","","INCENTIVO À CIÊNCIA, TECNOLOGIA E INOVAÇÃO","","","",""
"2782","","","","","DESENVOLVIMENTO, INCLUSÃO E PROMOÇÃO SOCIAL","","","",""
"2784","","","","","GESTÃO DAS ATIVIDADES DE EDUCAÇÃO DE TRÂNSITO","","","",""
"2786","","","","","DIFUSÃO DE CIÊNCIA E TECNOLOGIA E INOVAÇÃO","","","",""
"2794","","","","","ASSISTÊNCIA AO JOVEM","","","",""
"2801","","","","","GESTÃO DAS ATIVIDADES DE POLICIAMENTO E FISCALIZAÇ","","","",""
"2803","","","","","REALIZAÇÃO DO ANIVERSÁRIO DE BRASÍLIA","","","",""
"2810","","","","","APOIO AO PROJETO CULTURA EDUCA","","","",""
"2811","","","","","CICLO DO DOADOR, PROCESSAMENTO, CONTROLE E DISTRIB","","","",""
"2812","","","","","ANÁLISES LABORATORIAIS PARA O CICLO DO SANGUE","","","",""
"2815","","","","","APOIO AO CARNAVAL DE BRASÍLIA","","","",""
"2817","","","","","REALIZAÇÃO DO FESTIVAL DE BRASÍLIA DO CINEMA BRASI","","","",""
"2825","","","","","MODERNIZAÇÃO ORGANIZACIONAL","","","",""
"2831","","","","","REALIZAÇÃO DE ATIVIDADES CULTURAIS","","","",""
"2837","","","","","REALIZAÇÃO DOS PROJETOS ESPECIAIS DA ORQUESTRA SIN","","","",""
"2845","","","","","IMPLEMENTAÇÃO DO PROJETO RAÍZES","","","",""
"2873","","","","","PROMOÇÃO E DIFUSÃO NACIONAL E INTERNACIONAL DA PRO","","","",""
"2874","","","","","MANUTENÇÃO DE UNIDADE DE ENSINO ESPECIAL - EQUOTER","","","",""
"2885","","","","","MANUTENÇÃO DE MÁQUINAS E EQUIPAMENTOS","","","",""
"2886","","","","","CONSERVAÇÃO DE ÁREAS URBANIZADAS EM RODOVIAS","","","",""
"2889","","","","","APOIO À AGRICULTURA FAMILIAR","","","",""
"2890","","","","","REALIZAÇÃO DE AÇÕES ALTERNATIVAS PENAIS","","","",""
"2895","","","","","INCENTIVO ÀS ATIVIDADES DE FISCALIZAÇÃO, LANÇAMENT","","","",""
"2899","","","","","CONTRATUALIZAÇÃO DO SERVIÇO SOCIAL AUTÔNOMO","","","",""
"2900","","","","","EXPANSÃO DA OFERTA DE QUALIFICAÇÃO SOCIAL PROFISSI","","","",""
"2901","","","","","MODERNIZAÇÃO E EDIÇÃO DO DIÁRIO OFICIAL","","","",""
"2903","","","","","MANUTENÇÃO DE REDES DE ÁGUAS PLUVIAIS","","","",""
"2904","","","","","MANUTENÇÃO DA ESCOLA VIVENCIAL DE TRÂNSITO","","","",""
"2911","","","","","REALIZAÇÃO DE AÇÕES CULTURAIS - CONEXÃO CULTURA FA","","","",""
"2912","","","","","Estudos e Pesquisas Socioeconômicas, Urbanas e Amb","","","",""
"2914","","","","","PROTEÇÃO SOCIAL BÁSICA","","","",""
"2921","","","","","DESENVOLVIMENTO DE PROJETOS DE PESQUISAS","","","",""
"2930","","","","","COLETA SELETIVA SOLIDÁRIA","","","",""
"2931","","","","","BRASÍLIA CIDADÃ","","","",""
"2932","","","","","PRESERVAÇÃO DAS ÁREAS DA ESTAÇÃO ECOLÓGICA E DO JA","","","",""
"2940","","","","","CONSERVAÇÃO DA FAUNA","","","",""
"2943","","","","","REALIZAÇÃO DE AÇÕES DO PROGRAMA PRIMEIRA INFÂNCIA","","","",""
"2944","","","","","PROTEÇÃO SOCIAL ESPECIAL","","","",""
"2948","","","","","INCENTIVO A PARTICIPAÇÃO DE VOLUNTÁRIOS DA CIDADAN","","","",""
"2953","","","","","PROMOÇÃO DA INTERNACIONALIZAÇÃO DO DISTRITO FEDERA","","","",""
"","Página:","5","","","","","Emitido em:","01/03/2021 21:57:12",""
"","","","","GOVERNO DO DISTRITO FEDERAL","","","","",""
"","","","Lista Ação","","","","","",""
"","","","","","","Lista Projeto","","",""
"Código da Ação","","","","","0000","","","",""
"Código","","","","","Nome","","","",""
"2954","","","","","REALIZAÇÃO DE AÇÕES DE ATENDIMENTO À COMUNIDADE","","","",""
"2957","","","","","ATENDIMENTO ITINERANTE À COMUNIDADE","","","",""
"2958","","","","","DISTRIBUIÇÃO DE GÁS NATURAL RENOVÁVEL - BIOMETANO","","","",""
"2960","","","","","PREMIAÇÃO POR INOVAÇÕES TECNOLÓGICAS E SOCIAIS","","","",""
"2961","","","","","DESENVOLVIMENTO DA RCPCD","","","",""
"2962","","","","","PROMOÇÃO DO PATRIMÔNIO CULTURAL","","","",""
"2964","","","","","ALIMENTAÇÃO ESCOLAR","","","",""
"2965","","","","","FUNCIONAMENTO DO PROGRAMA DE ASSISTÊNCIA JUDICIÁRI","","","",""
"2968","","","","","MANUTENÇÃO DA TORRE DE TV","","","",""
"2973","","","","","DESENVOLVIMENTO DAS AÇÕES DA REDE CEGONHA","","","",""
"2974","","","","","DESENVOLVIMENTO DAS AÇÕES DA REDE DE ATENÇÃO PSICO","","","",""
"2975","","","","","SUPORTE AOS TRANSPLANTES E À ATENÇÃO HEMATOLÓGICA","","","",""
"2976","","","","","QUALIFICAÇÃO DA ATENÇÃO PRIMÁRIA À SAÚDE","","","",""
"2984","","","","","MANUTENÇÃO DA FROTA OFICIAL DE VEÍCULOS","","","",""
"2985","","","","","MANUTENÇÃO DA REDE GDF - NET / INTERNET","","","",""
"2989","","","","","MANUTENÇÃO DE UNIDADE DE ATENDIMENTO","","","",""
"2990","","","","","MANUTENÇÃO DE BENS IMÓVEIS DO GDF","","","",""
"2994","","","","","SERVIÇO ASSISTENCIAL COMPLEMENTAR EM CARDIOLOGIA","","","",""
"2995","","","","","SERVIÇOS ASSISTENCIAIS COMPLEMENTARES TERAPIA RENA","","","",""
"2997","","","","","SERVIÇOS ASSISTENCIAIS COMPLEMENTARES EM TERAPIA I","","","",""
"2998","","","","","MANUTENÇÃO DO PLANETÁRIO","","","",""
"2999","","","","","DESENVOLVIMENTO DAS AÇÕES DA REDE DE ATENÇÃO ÀS PE","","","",""
"3000","","","","","IMPLEMENTAÇÃO DA BIBLIOTECA DIGITAL DO CERRADO","","","",""
"3001","","","","","FECHAMENTO DO ATERRO DO JÓQUEI E RECUPERAÇÃO AMBIE","","","",""
"3002","","","","","CONSTRUÇÃO DE PONTOS DE ENTREGA VOLUNTÁRIA - PEVs","","","",""
"3004","","","","","CONSTRUÇÃO DE CENTROS DE TRIAGEM DE MATERIAIS RECI","","","",""
"3005","","","","","AMPLIAÇÃO DE RODOVIAS","","","",""
"3006","","","","","IMPLANTAÇÃO DO PARQUE BURLE MARX","","","",""
"3007","","","","","AMPLIAÇÃO DA LINHA 1 DO METRÔ","","","",""
"3009","","","","","CONSTRUÇÃO DE SEDE DE CONSELHO","","","",""
"3010","","","","","REALIZAÇÃO DE TRABALHO TÉCNICO SOCIAL EM HABITAÇÃO","","","",""
"3012","","","","","CONSTRUÇÃO DE ABRIGOS PARA RESÍDUOS DE SAÚDE","","","",""
"3013","","","","","RECUPERAÇÃO DE UNIDADES OPERACIONAIS DE MANEJO DE","","","",""
"3014","","","","","IMPLANTAÇÃO DO METRÔ- LEVE - VLT","","","",""
"3016","","","","","CONSTRUÇÃO DE UNIDADES OPERACIONAIS DE MANEJO DE R","","","",""
"3023","","","","","PROGRAMA DE ACELERAÇÃO DO CRESCIMENTO - PAC","","","",""
"3024","","","","","CONSTRUÇÃO DE CENTRO ESPECIALIZADO EM REABILITAÇÃO","","","",""
"3025","","","","","REFORMA DE BASES DO SAMU","","","",""
"3027","","","","","IMPLANTAÇÃO DA CASA DO EMPREENDEDOR","","","",""
"3029","","","","","MODERNIZAÇÃO E REEQUIPAMENTO DAS UNIDADES DE SEGUR","","","",""
"3030","","","","","MODERNIZAÇÃO E REAPARELHAMENTO DA DPDF","","","",""
"3032","","","","","IMPLANTAÇÃO DO PARQUE DAS AVES","","","",""
"3035","","","","","REVITALIZAÇÃO DA VILA PLANALTO","","","",""
"3040","","","","","REVITALIZAÇÃO DO PARQUE DA CIDADE","","","",""
"3041","","","","","IMPLANTAÇÃO DE POLO DE INSTALAÇÃO DE AGROINDUSTRIA","","","",""
"","Página:","6","","","","","Emitido em:","01/03/2021 21:57:12",""
"","","","","GOVERNO DO DISTRITO FEDERAL","","","","",""
"","","","Lista Ação","","","","","",""
"","","","","","","Lista Projeto","","",""
"Código da Ação","","","","","0000","","","",""
"Código","","","","","Nome","","","",""
"3043","","","","","ADEQUAÇÃO AMBIENTAL DE ÁREAS RURAIS","","","",""
"3045","","","","","IMPLANTAÇÃO DE UNIDADE DE ATENDIMENTO","","","",""
"3046","","","","","MODERNIZAÇÃO DA GESTÃO PÚBLICA","","","",""
"3048","","","","","REFORMA DE ESPAÇOS ESPORTIVOS","","","",""
"3050","","","","","CONSTRUÇÃO DO COMPLEXO REGULADOR DE SAÚDE - CRDF","","","",""
"3051","","","","","CONSTRUÇÃO DE EQUIPAMENTOS PÚBLICOS ESPECIALIZADOS","","","",""
"3052","","","","","IMPLANTAÇÃO DO PROJETO DE URBANIZAÇÃO - " PROGRAMA","","","",""
"3053","","","","","EDUCAÇÃO URBANA","","","",""
"3054","","","","","CONSTRUÇÃO DE TÚNEL","","","",""
"3056","","","","","CONSTRUÇÃO DO TREVO DE TRIAGEM NORTE","","","",""
"3058","","","","","EXECUÇÃO DE OBRAS DE URBANIZAÇÃO - PRÓ-MORADIA","","","",""
"3059","","","","","CONSTRUÇÃO DE UNIDADES HABITACIONAIS - PRÓ-MORADIA","","","",""
"3062","","","","","CONSTRUÇÃO DA SEDE DO INSTITUTO SUPERIOR DE CIÊNCI","","","",""
"3063","","","","","IMPLANTAÇÃO DE UNIDADE DE COORDENAÇÃO OPERACIONAL","","","",""
"3064","","","","","IMPLEMENTAÇÃO DO PROJETO EMPREGA MAIS DF","","","",""
"3066","","","","","CONSTRUÇÃO DA ESTAÇÃO TRABALHO","","","",""
"3069","","","","","DESENVOLVIMENTO DE PLATAFORMAS E SISTEMAS DE INFOR","","","",""
"3070","","","","","IMPLANTAÇÃO DE UNIDADES DE CONSERVAÇÃO","","","",""
"3072","","","","","CONSTRUÇÃO DO CENTRO INTEGRADO DE ATENÇÃO PSICOSSO","","","",""
"3074","","","","","MELHORIAS NA SINALIZAÇÃO TURÍSTICA","","","",""
"3076","","","","","REALIZAÇÃO DO PROJETO SEMANA DO CERRADO","","","",""
"3077","","","","","CONSTRUÇÃO DE CENTROS DE DETENÇÃO PROVISÓRIA - CDP","","","",""
"3079","","","","","IMPLANTAÇÃO DA ESCOLA DE CONSELHOS","","","",""
"3083","","","","","AMPLIAÇÃO DOS POSTOS DE ATENDIMENTO DO PRÓ-VÍTIMA","","","",""
"3086","","","","","AMPLIAÇÃO DE PRÉDIOS E PRÓPRIOS","","","",""
"3087","","","","","EXECUÇÃO DE OBRAS DE ACESSIBILIDADE","","","",""
"3088","","","","","AMPLIAÇÃO DA REDE DE ENFRENTAMENTO AO TRÁFICO DE P","","","",""
"3089","","","","","REQUALIFICAÇÃO E REABILITAÇÃO DE ESPAÇOS URBANOS","","","",""
"3090","","","","","IMPLANTAÇÃO DE INFRAESTRUTURA DE CICLOVIAS","","","",""
"3092","","","","","IMPLANTAÇÃO DE AGENDAS AMBIENTAIS","","","",""
"3094","","","","","AMPLIAÇÃO NA PARTICIPAÇÃO EM EMPRESAS DE ENERGIA","","","",""
"3095","","","","","CONSTRUÇÃO DA ACADEMIA DE TRÂNSITO","","","",""
"3096","","","","","CONSTRUÇÃO DE UNIDADE DE ATENDIMENTO","","","",""
"3097","","","","","CONSTRUÇÃO DE UNIDADES POLICIAIS E DELEGACIAS","","","",""
"3098","","","","","REFORMA DE UNIDADES POLICIAIS E DELEGACIAS","","","",""
"3101","","","","","CONSTRUÇÃO DO ATERRO SANITÁRIO DE BRASÍLIA","","","",""
"3102","","","","","PROGRAMA NACIONAL DE APOIO À GESTÃO ADMINISTRATIVA","","","",""
"3104","","","","","PROGRAMA DE DESENVOLVIMENTO FAZENDÁRIO DO DF - PRO","","","",""
"3113","","","","","AMPLIAÇÃO DO HEMOCENTRO","","","",""
"3116","","","","","PUBLICAÇÃO DE MATERIAL CIENTÍFICO E TÉCNICO","","","",""
"3119","","","","","IMPLANTAÇÃO DO CORREDOR DE TRANSPORTE COLETIVO DO","","","",""
"3122","","","","","CONSTRUÇÃO DE COMPLEXO VETERINÁRIO","","","",""
"3123","","","","","CONSTRUÇÃO DE COMPLEXO ALIMENTAR E NUTRICIONAL","","","",""
"3125","","","","","IMPLANTAÇÃO DO CORREDOR DE TRANSPORTE COLETIVO DO","","","",""
"3126","","","","","IMPLANTAÇÃO DO CORREDOR DE TRANSPORTE COLETIVO DO","","","",""
"","Página:","7","","","","","Emitido em:","01/03/2021 21:57:12",""
"","","","","GOVERNO DO DISTRITO FEDERAL","","","","",""
"","","","Lista Ação","","","","","",""
"","","","","","","Lista Projeto","","",""
"Código da Ação","","","","","0000","","","",""
"Código","","","","","Nome","","","",""
"3127","","","","","IMPLANTAÇÃO DO CORREDOR DE TRANSPORTE COLETIVO DA","","","",""
"3128","","","","","IMPLANTAÇÃO DA GESTÃO DO PROGRAMA DE TRANSPORTE UR","","","",""
"3129","","","","","REFORMA DE RECINTOS PARA ANIMAIS","","","",""
"3134","","","","","AQUISIÇÃO DE TRENS","","","",""
"3135","","","","","CONSTRUÇÃO DE UNIDADES BÁSICAS DE SAÚDE","","","",""
"3136","","","","","AMPLIAÇÃO DE ESTABELECIMENTOS DE ATENÇÃO PRIMÁRIA","","","",""
"3139","","","","","APRIMORAMENTO DA EFETIVIDADE POLICIAL E DA PREVENÇ","","","",""
"3140","","","","","CONSTRUÇÃO DE UNIDADES DE ATENÇÃO ESPECIALIZADA EM","","","",""
"3141","","","","","AMPLIAÇÃO DE UNIDADES DE ATENÇÃO ESPECIALIZADA EM","","","",""
"3144","","","","","REALIZAÇÃO DE PARCELAMENTO RURAL","","","",""
"3145","","","","","APRIMORAMENTO E INTEGRAÇÃO DOS INSTRUMENTOS DE PLA","","","",""
"3153","","","","","CONSTRUÇÃO DE UNIDADES DE ASSISTÊNCIA FARMACÊUTICA","","","",""
"3154","","","","","CONSTRUÇÃO DE UNIDADE DE VIGILÂNCIA EM SAÚDE","","","",""
"3155","","","","","REFORMA DE UNIDADE DE VIGILÂNCIA EM SAÚDE","","","",""
"3159","","","","","REALIZAÇÃO DA POLÍTICA AMBIENTAL PARA PARCELAMENTO","","","",""
"3160","","","","","REGULARIZAÇÃO DE PARCELAMENTOS URBANOS","","","",""
"3163","","","","","REALIZAÇÃO DO MAPEAMENTO REMOTO DO TERRITÓRIO DO D","","","",""
"3173","","","","","CONSTRUÇÃO DAS BASES DO SAMU","","","",""
"3174","","","","","BRASÍLIA CAPITAL CRIATIVA","","","",""
"3176","","","","","IMPLANTAÇÃO DO PROJETO CIDADE AEROPORTUÁRIA","","","",""
"3177","","","","","CONSTRUÇÃO DE UNIDADES DE ATENDIMENTO À JUVENTUDE","","","",""
"3180","","","","","IMPLANTAÇÃO DO SISTEMA DE TRANSPORTE INTELIGENTE -","","","",""
"3181","","","","","REFORMA DE ABRIGOS PARA PASSAGEIROS","","","",""
"3182","","","","","REFORMA DE TERMINAIS RODOVIÁRIOS","","","",""
"3184","","","","","CONSTRUÇÃO DE EQUIPAMENTOS PÚBLICOS DE PROTEÇÃO SO","","","",""
"3189","","","","","REFORMA DE EQUIPAMENTOS PÚBLICOS DE PROTEÇÃO SOCIA","","","",""
"3191","","","","","REFORMA DAS ESTRUTURAS FÍSICAS","","","",""
"3195","","","","","CONSTRUÇÃO DE COZINHA COMUNITÁRIA","","","",""
"3196","","","","","REFORMA DE RESTAURANTE COMUNITÁRIO","","","",""
"3205","","","","","REMANEJAMENTO DE REDE","","","",""
"3208","","","","","IMPLANTAÇÃO DE SINALIZAÇÃO SEMAFÓRICA","","","",""
"3209","","","","","IMPLANTAÇÃO DE SINALIZAÇÃO ESTATIGRÁFICA","","","",""
"3210","","","","","EXECUÇÃO DA POLÍTICA AMBIENTAL","","","",""
"3213","","","","","IMPLEMENTAÇÃO DE POLÍTICAS PÚBLICAS DE TURISMO","","","",""
"3216","","","","","IMPLANTAÇÃO DO ZONEAMENTO ECOLÓGICO ECONÔMICO","","","",""
"3220","","","","","PUBLICAÇÃO DO ATLAS AMBIENTAL","","","",""
"3221","","","","","IMPLANTAÇÃO DA POLÍTICA DE RESÍDUOS SÓLIDOS","","","",""
"3222","","","","","REFORMA DE ESTABELECIMENTOS E ATENÇÃO PRIMÁRIA À S","","","",""
"3223","","","","","REFORMA DE UNIDADES DE ATENÇÃO ESPECIALIZADA EM SA","","","",""
"3225","","","","","CONSTRUÇÃO DE UNIDADES DE ATENÇÃO EM SAÚDE MENTAL","","","",""
"3226","","","","","IMPLANTAÇÃO DA ILUMINAÇÃO DIGITAL","","","",""
"3230","","","","","AMPLIAÇÃO DE UNIDADES DE EDUCAÇÃO INFANTIL","","","",""
"3231","","","","","AMPLIAÇÃO DE UNIDADES DE ENSINO MÉDIO","","","",""
"3232","","","","","AMPLIAÇÃO DE UNIDADES DE ENSINO FUNDAMENTAL","","","",""
"3233","","","","","IMPLANTAÇÃO DAS UNIDADES DE ATENDIMENTO À JUVENTUD","","","",""
"","Página:","8","","","","","Emitido em:","01/03/2021 21:57:12",""
"","","","","GOVERNO DO DISTRITO FEDERAL","","","","",""
"","","","Lista Ação","","","","","",""
"","","","","","","Lista Projeto","","",""
"Código da Ação","","","","","0000","","","",""
"Código","","","","","Nome","","","",""
"3234","","","","","CONSTRUÇÃO DE UNIDADES DE ENSINO PROFISSIONALIZANT","","","",""
"3235","","","","","RECONSTRUÇÃO DE UNIDADES DE ENSINO FUNDAMENTAL","","","",""
"3236","","","","","REFORMA DE UNIDADES DE ENSINO FUNDAMENTAL","","","",""
"3237","","","","","REFORMA DE UNIDADES DE ENSINO MÉDIO","","","",""
"3238","","","","","REFORMA DE UNIDADES DE EDUCAÇÃO INFANTIL","","","",""
"3239","","","","","REFORMA DE UNIDADES DE ENSINO PROFISSIONAL","","","",""
"3241","","","","","RECONSTRUÇÃO DE UNIDADES DE ENSINO MÉDIO","","","",""
"3242","","","","","RECONSTRUÇÃO DE UNIDADES DE EDUCAÇÃO INFANTIL","","","",""
"3246","","","","","CONSTRUÇÃO DE CENTRO COMUNITÁRIO","","","",""
"3247","","","","","REFORMA DE FEIRAS","","","",""
"3256","","","","","CONSTRUÇÃO DO CENTRO INTERNACIONAL DE REF. EM ÁGUA","","","",""
"3266","","","","","FORTALECIMENTO DA GESTÃO DAS ÁGUAS - ÁGUA BOA NO D","","","",""
"3270","","","","","REFORMA DAS UNIDADES DE ATENDIMENTO À JUVENTUDE","","","",""
"3271","","","","","CONSTRUÇÃO DE UNIDADES DA EDUCAÇÃO INFANTIL","","","",""
"3272","","","","","CONSTRUÇÃO DE UNIDADES DO ENSINO MÉDIO","","","",""
"3276","","","","","ADEQUAÇÃO TÉCNICA DAS RODOVIAS EM SEUS PONTOS CRÍT","","","",""
"3277","","","","","MODERNIZAÇÃO DO SISTEMA METROVIÁRIO","","","",""
"3285","","","","","INTEGRAÇÃO DE PROCESSOS DE LICENCIAMENTO E FISCALI","","","",""
"3304","","","","","APOIO À AÇÕES DE PROMOÇÃO E DIFUSÃO CULTURAL","","","",""
"3308","","","","","APOIO ÀS AÇÕES DE LIVRO, LEITURA E LITERATURA","","","",""
"3361","","","","","CONSTRUÇÃO DE PONTES","","","",""
"3467","","","","","AQUISIÇÃO DE EQUIPAMENTOS","","","",""
"3481","","","","","CONSTRUÇÃO DA ESCOLA PENITENCIÁRIA","","","",""
"3482","","","","","AMPLIAÇÃO DE UNIDADES DE ENSINO PROFISSIONALIZANTE","","","",""
"3486","","","","","PROPOSIÇÃO DE PARCERIAS PÚBLICO-PRIVADAS","","","",""
"3489","","","","","RECUPERAÇÃO DE ÁREAS DEGRADADAS","","","",""
"3501","","","","","REFORMA DE PONTOS DE ATENDIMENTO","","","",""
"3534","","","","","CONSTRUÇÃO DE GALPÃO","","","",""
"3571","","","","","MELHORIAS HABITACIONAIS","","","",""
"3582","","","","","CONSTRUÇÃO DE PARQUE DE EXPOSIÇÕES AGROPECUÁRIA","","","",""
"3586","","","","","DUPLICAÇÃO DA DF 001","","","",""
"3590","","","","","IMPLANTAÇÃO DE ADUTORAS","","","",""
"3596","","","","","IMPLANTAÇÃO DE INFRAESTRUTURA ESPORTIVA","","","",""
"3615","","","","","MANUTENÇÃO E CONSERVAÇÃO URBANISTICA","","","",""
"3619","","","","","REVITALIZAÇÃO DO PROJETO ORLA","","","",""
"3632","","","","","SAÚDE ESCOLAR","","","",""
"3667","","","","","EDUCAÇÃO FISCAL","","","",""
"3676","","","","","CAPTAÇÃO DE EVENTOS","","","",""
"3678","","","","","REALIZAÇÃO DE EVENTOS","","","",""
"3696","","","","","MODERNIZAÇÃO DA GESTÃO PÚBLICA CULTURAL - PRODOC -","","","",""
"3710","","","","","IMPLEMENTAÇÃO DO PARQUE AUDIOVISUAL","","","",""
"3711","","","","","REALIZAÇÃO DE ESTUDOS E PESQUISAS","","","",""
"3718","","","","","PROMOÇÃO E CONSERVAÇÃO DO PATRIMÔNIO CULTURAL","","","",""
"3720","","","","","IMPLANTAÇÃO DO PROGRAMA BRASÍLIA SOLAR","","","",""
"3724","","","","","IMPLANTAÇÃO DE INFRAESTRUTURA RURAL","","","",""
"","Página:","9","","","","","Emitido em:","01/03/2021 21:57:12",""
"","","","","GOVERNO DO DISTRITO FEDERAL","","","","",""
"","","","Lista Ação","","","","","",""
"","","","","","","Lista Projeto","","",""
"Código da Ação","","","","","0000","","","",""
"Código","","","","","Nome","","","",""
"3736","","","","","IMPLANTAÇÃO DE BASES DO SAMU","","","",""
"3744","","","","","DESENVOLVIMENTO DO SISTEMA DE GESTÃO AMBIENTAL - I","","","",""
"3747","","","","","CONSTRUÇÃO DE NÚCLEOS DE ATENDIMENTO DA DEFENSORIA","","","",""
"3748","","","","","REFORMA DE NÚCLEOS DE ATENDIMENTO DA DEFENSORIA PÚ","","","",""
"3758","","","","","REFORMA DAS ESTRUTURAS FÍSICAS DA FEPECS E SUAS ES","","","",""
"3759","","","","","IMPLANTAÇÃO DE ESTABELECIMENTOS DE SAÚDE DA ATENÇÃ","","","",""
"3765","","","","","REFORMA DE UNIDADES DE ASSISTÊNCIA FARMACÊUTICA","","","",""
"3773","","","","","IMPLANTAÇÃO DO USO DE FONTES DE ENERGIAS RENOVÁVEI","","","",""
"3779","","","","","AMPLIAÇÃO DO MODELO DE ATENDIMENTO INTEGRADO - NA","","","",""
"3800","","","","","IMPLANTAÇÃO DE REDE ELÉTRICA INTELIGENTE.","","","",""
"3820","","","","","IMPLANTAÇÃO DO CORREDOR DE TRANSPORTE COLETIVO EIX","","","",""
"3847","","","","","REFORMA DO TEATRO NACIONAL CLÁUDIO SANTORO","","","",""
"3849","","","","","CONSTRUÇÃO DE UNIDADES DE SEMILIBERDADE DO SISTEMA","","","",""
"3854","","","","","MODERNIZAÇÃO DE EQUIPAMENTOS TURÍSTICOS","","","",""
"3855","","","","","GESTÃO AMBIENTAL NA EXECUÇÃO DE OBRAS E NA IMPLEME","","","",""
"3856","","","","","GESTÃO DA FISCALIZAÇÃO E SUPERVISÃO DE OBRAS","","","",""
"3858","","","","","IMPLANTAÇÃO DE PARACICLOS E BICICLETÁRIOS.","","","",""
"3859","","","","","MODERNIZAÇÃO DA INFRAESTRUTURA","","","",""
"3860","","","","","EXECUÇÃO DE INFRAESTRUTURA PARA REÚSO DE ÁGUA","","","",""
"3866","","","","","CONSTRUÇÃO DE ESPAÇOS COM MÚLTIPLAS FUNÇÕES","","","",""
"3870","","","","","IMPLEMENTAÇÃO DE INFRAESTRUTURA PÚBLICAS","","","",""
"3891","","","","","REABILITAÇÃO AMBIENTAL","","","",""
"3895","","","","","IMPLEMENTAÇÃO DE MEDIDAS PARA MELHORIA DA INFRAEST","","","",""
"3902","","","","","REFORMA DE PRAÇAS PÚBLICAS E PARQUES","","","",""
"3903","","","","","REFORMA DE PRÉDIOS E PRÓPRIOS","","","",""
"3905","","","","","RECUPERAÇÃO DE NASCENTES E APPS RIPÁRIAS EM ÁREAS","","","",""
"3936","","","","","REVITALIZAÇÃO DA TORRE DE TV","","","",""
"3937","","","","","AQUISIÇÃO DE EQUIPAMENTOS E VEÍCULOS PARA TRATAMEN","","","",""
"3941","","","","","REFORMA DE EDIFICAÇÕES","","","",""
"3943","","","","","REFORMA DO ANEXO DO PALÁCIO DO BURITI","","","",""
"3945","","","","","CONSTRUÇÃO DE HOSPITAIS","","","",""
"3947","","","","","CONSTRUÇÃO DE COMPLEXO HOSPITALAR","","","",""
"3953","","","","","IMPLANTAÇÃO DE PARQUES ECOLÓGICOS","","","",""
"3977","","","","","FORTALECIMENTO DO PROGRAMA DE POLICIAMENTO DE PREV","","","",""
"3981","","","","","CONSTRUÇÃO DE CASAS DE PARTO","","","",""
"3982","","","","","CONSTRUCAO DE UNIDADE ESCOLAR","","","",""
"3983","","","","","CONTRATAÇÃO DE CONSULTORIAS E AUDITORIAS","","","",""
"3985","","","","","AMPLIACAO DE UNIDADE ESCOLAR","","","",""
"3990","","","","","RECONSTRUCAO DE UNIDADE ESCOLAR","","","",""
"3991","","","","","REFORMA DE UNIDADE ESCOLAR","","","",""
"3995","","","","","DESENVOLVIMENTO DE PROGRAMAS EMPRESARIAIS","","","",""
"4000","","","","","MANUTENÇÃO DO PROGRAMA METRÔ SUSTENTÁVEL","","","",""
"4001","","","","","DESENVOLVIMENTO DAS AÇÕES DE ATENÇÃO À REDE DE ATE","","","",""
"4002","","","","","MANUTENÇÃO DE TERMINAIS RODOVIÁRIOS","","","",""
"4004","","","","","IMPLEMENTAÇÃO DA BRASÍLIA FILM COMISSION","","","",""
"","Página:","10","","","","","Emitido em:","01/03/2021 21:57:12",""
"","","","","GOVERNO DO DISTRITO FEDERAL","","","","",""
"","","","Lista Ação","","","","","",""
"","","","","","","Lista Projeto","","",""
"Código da Ação","","","","","0000","","","",""
"Código","","","","","Nome","","","",""
"4007","","","","","GESTÃO DE RISCOS E DESASTRES","","","",""
"4009","","","","","AQUISIÇÃO DE INSUMOS E MATERIAL MÉDICO HOSPITALAR","","","",""
"4011","","","","","REGULARIZAÇÃO DE ÁREAS DE INTERESSE","","","",""
"4012","","","","","FOMENTO E INCENTIVO PARA A CULTURA E AS ARTES - PR","","","",""
"4014","","","","","MANUTENÇÃO DE SERVIÇOS DE LAVANDERIA EM SAÚDE","","","",""
"4015","","","","","APOIO TECNOLÓGICO AO SETOR PRODUTIVO.","","","",""
"4016","","","","","MELHORIA DOS SERVIÇOS PÚBLICOS OFERTADOS À POPULAÇ","","","",""
"4022","","","","","FISCALIZAÇÃO DO TRÂNSITO DE ANIMAIS, VEGETAIS E PR","","","",""
"4023","","","","","DESENVOLVIMENTO DO PROGRAMA DE VALORIZAÇÃO DA ARTE","","","",""
"4025","","","","","ESTRUTURAÇÃO DO PROGRAMA HABITACIONAL DE LOCAÇÃO S","","","",""
"4026","","","","","AVALIAÇÃO E MONITORAMENTO DE OBRAS DE ARTES ESPECI","","","",""
"4029","","","","","CONTRATAÇÃO DE ASSESSORIA","","","",""
"4030","","","","","ESTUDOS E PESQUISAS","","","",""
"4031","","","","","MONITORAMENTO POR CÂMERA DE VÍDEO","","","",""
"4032","","","","","GESTÃO DE PROJETOS","","","",""
"4033","","","","","MANUTENÇÃO DO SETOR HABITACIONAL MANGUEIRAL - PPP","","","",""
"4036","","","","","MANUTENÇÃO DE FEIRA","","","",""
"4037","","","","","RECUPERAÇÃO DE NASCENTES, APPS E ÁREAS DE RECARGA","","","",""
"4038","","","","","APOIO À IMPLEMENTAÇÃO DE AÇÕES PARA MELHORIA DA QU","","","",""
"4039","","","","","MANUTENÇÃO DE VEÍCULOS","","","",""
"4040","","","","","DESENVOLVER A GESTÃO AMBIENTAL INTEGRADA DE ÁREAS","","","",""
"4041","","","","","MANUTENÇÃO E CONSERVAÇÃO URBANÍSTICA","","","",""
"4042","","","","","BOLSA DE ESTÁGIO - PROFISSIONAIS DE SAÚDE","","","",""
"4044","","","","","ENFRENTAMENTO DA EMERGÊNCIA COVID19","","","",""
"4045","","","","","GESTÃO DE POLÍTICA HABITACIONAL","","","",""
"4047","","","","","ASSISTÊNCIA AO ESTUDANTE.","","","",""
"4048","","","","","REGULAÇAO DE SERVIÇOS EM SAÚDE","","","",""
"4049","","","","","ASSISTÊNCIA TÉCNICA EM GESTÃO AMBIENTAL","","","",""
"4052","","","","","PLANO DE SEGURO DE VIDA E ACIDENTE PESSOAL","","","",""
"4053","","","","","ADMINISTRAÇÃO E FISCALIZAÇÃO DE ÁREAS PÚBLICAS","","","",""
"4057","","","","","ASSISTÊNCIA MÉDICA","","","",""
"4060","","","","","CRIOPRESERVAÇÃO DE CÉLULAS E TECIDOS","","","",""
"4067","","","","","CONCESSÃO DE BOLSA UNIVERSITÁRIA","","","",""
"4068","","","","","ALIMENTAÇÃO ESPECIAL E NUTRIÇÃO NA INTEGRALIDADE D","","","",""
"4072","","","","","MANUTENÇÃO E FUNCIONAMENTO DAS UNIDADES DE ATENDIM","","","",""
"4081","","","","","GESTÃO DA HEMORREDE","","","",""
"4082","","","","","MANUTENÇÃO DO SISTEMA DE BILHETAGEM AUTOMÁTICA","","","",""
"4086","","","","","ASSISTÊNCIA A ANIMAIS","","","",""
"4088","","","","","CAPACITAÇÃO DE SERVIDORES","","","",""
"4089","","","","","CAPACITAÇÃO DE PESSOAS","","","",""
"4090","","","","","APOIO A EVENTOS","","","",""
"4091","","","","","APOIO A PROJETOS","","","",""
"4092","","","","","MANUTENÇÃO DE PRAÇAS PÚBLICAS E PARQUES","","","",""
"4093","","","","","CONTROLE, CORREIÇÃO, OUVIDORIA E TRANSPARÊNCIA NAS","","","",""
"4094","","","","","PROMOÇÃO DA EDUCAÇÃO AMBIENTAL E AÇÕES SUSTENTÁVEI","","","",""
"","Página:","11","","","","","Emitido em:","01/03/2021 21:57:12",""
"","","","","GOVERNO DO DISTRITO FEDERAL","","","","",""
"","","","Lista Ação","","","","","",""
"","","","","","","Lista Projeto","","",""
"Código da Ação","","","","","0000","","","",""
"Código","","","","","Nome","","","",""
"4095","","","","","REALIZAÇÃO DAS ATIVIDADES DE FISCALIZAÇÃO AMBIENTA","","","",""
"4096","","","","","REALIZAÇÃO DAS ATIVIDADES DE LICENCIAMENTO AMBIENT","","","",""
"4098","","","","","CONSERVAÇÃO DE ÁREAS PROTEGIDAS E BIODIVERSIDADE","","","",""
"4100","","","","","MODERNIZAÇÃO DA GESTÃO AMBIENTAL","","","",""
"4101","","","","","GESTÃO DAS ATIVIDADES DE SINALIZAÇÃO HORIZONTAL E","","","",""
"4102","","","","","APOIO AO TRABALHADOR NO ÂMBITO DO SISTEMA NACIONAL","","","",""
"4105","","","","","Estudos, Análises, Avaliação e Monitoramento de Po","","","",""
"4107","","","","","ASSISTÊNCIA TÉCNICA E INOVAÇÃO TECNOLÓGICA","","","",""
"4109","","","","","IMPLEMENTAÇÃO DA POLÍTICA DE UTILIZAÇÃO DE TERRAS","","","",""
"4111","","","","","PROMOÇÃO DA INCLUSÃO SOCIAL E PRODUTIVA DA POPULAÇ","","","",""
"4113","","","","","PRODUÇÃO DE MUDAS DA FLORA DO CERRADO","","","",""
"4115","","","","","APOIO ÀS COMPRAS DIRETAS DA PRODUÇÃO AGROPECUÁRIA","","","",""
"4116","","","","","DESENVOLVIMENTO DA GESTÃO AMBIENTAL","","","",""
"4118","","","","","ACOLHIMENTO INSTITUCIONAL","","","",""
"4119","","","","","MANUTENÇÃO DA INFRAESTRUTURA DO SETOR AGROPECUÁRIO","","","",""
"4121","","","","","ASSISTÊNCIA À PESSOA COM DEFICIÊNCIA","","","",""
"4123","","","","","PROMOÇÃO DA IGUALDADE RACIAL","","","",""
"4126","","","","","MANUTENÇÃO DE ESCOLA DE ASSISTÊNCIA JUDICIÁRIA","","","",""
"4127","","","","","DEFENSORIA PÚBLICA NA COMUNIDADE","","","",""
"4128","","","","","SERVIÇOS DE MEDIAÇÃO, CONCILIAÇÃO E AUTOCOMPOSIÇÃO","","","",""
"4129","","","","","REALIZAÇÃO DE EXAME DE DNA","","","",""
"4137","","","","","CONTRATUALIZAÇÃO DOS HOSPITAIS DE ENSINO","","","",""
"4138","","","","","DESENVOLVIMENTO DE AÇÕES DE SERVIÇOS SOCIAIS","","","",""
"4142","","","","","OTIMIZAÇÃO DO PLANO DE REGULARIZAÇÃO FUNDIÁRIA DE","","","",""
"4143","","","","","EXECUÇÃO DE PROJETOS DE EDUCAÇÃO POLÍTICA PELA CLD","","","",""
"4146","","","","","REALIZAÇÃO DA FISCALIZAÇÃO DAS TERRAS PÚBLICAS","","","",""
"4159","","","","","AÇÕES COMPLEMENTARES DE PROTEÇÃO SOCIAL ESPECIAL","","","",""
"4161","","","","","GESTÃO E APRIMORAMENTO DE BENEFÍCIOS DE TRANSFERÊN","","","",""
"4162","","","","","TRANSFERÊNCIA DE RENDA PARA FAMÍLIAS DO DF CADASTR","","","",""
"4165","","","","","QUALIFICAÇÃO DA GESTÃO DO SISTEMA ÚNICO DE SAÚDE","","","",""
"4166","","","","","PLANEJAMENTO E GESTÃO DA ATENÇÃO ESPECIALIZADA","","","",""
"4170","","","","","MANUTENÇÃO DE ESPAÇOS ESPORTIVOS","","","",""
"4172","","","","","MANUTENÇÃO DA CÂMARA GOVERNAMENTAL INTERSETORIAL D","","","",""
"4173","","","","","FORNECIMENTO EMERGENCIAL DE ALIMENTOS","","","",""
"4174","","","","","FORNECIMENTO CONTINUADO DE ALIMENTOS","","","",""
"4175","","","","","FORNECIMENTO DE REFEIÇÕES NOS RESTAURANTES COMUNIT","","","",""
"4176","","","","","FORNECIMENTO DE REFEIÇÕES NAS COZINHAS COMUNITÁRIA","","","",""
"4177","","","","","INCENTIVO À PARTICIPAÇÃO DE ATLETAS EM EVENTOS ESP","","","",""
"4178","","","","","APOIO AO ESPORTE PARA PORTADORES DE NECESSIDADES E","","","",""
"4180","","","","","MONITORAMENTO E AVALIAÇÃO DE POLÍTICAS SOCIAIS","","","",""
"4181","","","","","VIGILÂNCIA SOCIAL NOS TERRITÓRIOS","","","",""
"4182","","","","","GESTÃO DO TRABALHO E CAPACITAÇÃO NO SISTEMA ÚNICO","","","",""
"4183","","","","","DIVULGAÇÃO E DISSEMINAÇÃO DAS AÇÕES DO SISTEMA ÚNI","","","",""
"4187","","","","","CONCESSÃO DE BENEFÍCIOS ASSISTENCIAIS","","","",""
"4188","","","","","AÇÕES COMPLEMENTARES DE PROTEÇÃO SOCIAL BÁSICA","","","",""
"","Página:","12","","","","","Emitido em:","01/03/2021 21:57:12",""
"","","","","GOVERNO DO DISTRITO FEDERAL","","","","",""
"","","","Lista Ação","","","","","",""
"","","","","","","Lista Projeto","","",""
"Código da Ação","","","","","0000","","","",""
"Código","","","","","Nome","","","",""
"4189","","","","","IMPLEMENTAÇÃO DE PROJETOS JUNTO À COMUNIDADE","","","",""
"4192","","","","","DESENVOLVIMENTO DE SISTEMA DE CAPTAÇÃO E TRATAMENT","","","",""
"4193","","","","","PROMOÇÃO DE EVENTOS DE INTEGRAÇÃO DA CLDF COM A SO","","","",""
"4195","","","","","CONSERVAÇÃO DE RODOVIAS","","","",""
"4196","","","","","APOIO A PROGRAMAS CULTURAIS PELA CLDF","","","",""
"4197","","","","","MANUTENÇÃO DA SINALIZAÇÃO HORIZONTAL E VERTICAL DE","","","",""
"4198","","","","","MANUTENÇÃO DA SINALIZAÇÃO SEMAFÓRICA","","","",""
"4199","","","","","PROMOÇÃO E DIVULGAÇÃO DE BRASÍLIA COMO DESTINO TUR","","","",""
"4200","","","","","SERVIÇOS DE ATENDIMENTO AO TURISTA","","","",""
"4202","","","","","CONCESSÃO DE PASSE LIVRE","","","",""
"4205","","","","","DESENVOLVIMENTO DE AÇÕES DE ATENÇÃO ESPECIALIZADA","","","",""
"4206","","","","","EXECUÇÃO DE CONTRATOS DE GESTÃO","","","",""
"4207","","","","","AÇÕES DE PREVENÇÃO E COMBATE A HOMOFOBIA","","","",""
"4208","","","","","DESENVOLVIMENTOS DAS AÇÕES DE ATENÇÃO PRIMÁRIA EM","","","",""
"4210","","","","","GESTÃO DA ILUMINAÇÃO DIGITAL","","","",""
"4211","","","","","MANUTENÇÃO DOS EQUIPAMENTOS PÚBLICOS DE ATENDIMENT","","","",""
"4213","","","","","DESENVOLVIMENTO DE AÇÕES RELACIONADAS A REDE DE EN","","","",""
"4214","","","","","IMPLEMENTAÇÃO DE AÇÕES DE FISCALIZAÇÃO","","","",""
"4215","","","","","DESENVOLVIMENTO DAS AÇÕES DE ASSISTÊNCIA FARMACÊUT","","","",""
"4216","","","","","AQUISIÇÃO DE MEDICAMENTOS","","","",""
"4217","","","","","MANUTENÇÃO DO SISTEMA SOCIOEDUCATIVO","","","",""
"4220","","","","","GESTÃO DE RECURSOS DE FUNDOS","","","",""
"4227","","","","","FORNECIMENTO DE ALIMENTAÇÃO HOSPITALAR","","","",""
"4232","","","","","AÇÕES COMPLEMENTARES AO PROGRAMA DE TRANSFERÊNCIA","","","",""
"4233","","","","","SUPERVISÃO DE SERVIÇOS DE ENGENHARIA EM RODOVIAS","","","",""
"4234","","","","","MANUTENÇÃO DA INFRAESTRUTURA PARA O TRANSPORTE PÚB","","","",""
"4235","","","","","EDUCAÇÃO AMBIENTAL","","","",""
"4237","","","","","REALIZAÇÃO DE ATIVIDADES DE COMUNICAÇÃO E MARKETIN","","","",""
"4240","","","","","DESENVOLVIMENTO DE AÇÕES DE PROMOÇÃO DA MULHER E G","","","",""
"4949","","","","","MANUTENÇÃO DO SERVIÇO DE ATENDIMENTO AO CIDADÃO","","","",""
"4976","","","","","TRANSPORTE DE ALUNOS","","","",""
"4993","","","","","LICENCIAMENTO PARA EXECUÇÃO DE OBRAS RODOVIÁRIAS","","","",""
"5002","","","","","REFORMA DAS EDIFICAÇÕES DO SISTEMA METROVIÁRIO","","","",""
"5003","","","","","CONSOLIDAÇÃO DO SISTEMA DE GEOPROCESSAMENTO","","","",""
"5004","","","","","REFORMA DE UNIDADES DO SISTEMA SOCIOEDUCATIVO","","","",""
"5006","","","","","EXECUÇÃO DE INFRAESTRUTURA EM PARCELAMENTOS","","","",""
"5007","","","","","REALIZAÇÃO DE CENSO DEMOGRÁFICO","","","",""
"5011","","","","","IMPLANTAÇÃO DE INFRAESTRUTURA E INTEGRAÇÃO DA RIDE","","","",""
"5021","","","","","MODERNIZAÇÃO E MELHORIA DA INFRAESTRUTURA DAS ÁREA","","","",""
"5023","","","","","CONSTRUÇÃO DE UNIDADE DE ENSINO","","","",""
"5024","","","","","EXPANSÃO DA INFRAESTRUTURA PARA O TRANSPORTE PÚBLI","","","",""
"5027","","","","","IMPLANTAÇÃO DE SINALIZAÇÃO","","","",""
"5035","","","","","RECUPERAÇÃO DOS CRÉDITOS DO FUNDO DE COMPENSAÇÃO D","","","",""
"5051","","","","","REFORMA DE UNIDADES DO ENSINO ESPECIAL","","","",""
"5071","","","","","CONSTRUÇÃO DE ESTACIONAMENTOS","","","",""
"","Página:","13","","","","","Emitido em:","01/03/2021 21:57:12",""
"","","","","GOVERNO DO DISTRITO FEDERAL","","","","",""
"","","","Lista Ação","","","","","",""
"","","","","","","Lista Projeto","","",""
"Código da Ação","","","","","0000","","","",""
"Código","","","","","Nome","","","",""
"5112","","","","","CONSTRUÇÃO DE UNIDADES DO ENSINO ESPECIAL","","","",""
"5126","","","","","MODERNIZAÇÃO DA REDE GDF - NET/INTERNET","","","",""
"5183","","","","","REVITALIZAÇÃO DE PARQUES","","","",""
"5523","","","","","REFORMA DE GALPÃO","","","",""
"5695","","","","","EXECUÇÃO DE OBRAS DE PREVENÇÃO, CONTROLE E COMBATE","","","",""
"5713","","","","","CONSTRUÇÃO DE ESTAÇÕES DE TRATAMENTO DE ÁGUA","","","",""
"5745","","","","","EXECUÇÃO DE PAVIMENTAÇÃO ASFÁLTICA","","","",""
"5762","","","","","CONSTRUÇÃO DE RESTAURANTE COMUNITÁRIO","","","",""
"5832","","","","","IMPLANTAÇÃO DO PARQUE TECNOLÓGICO CAPITAL DIGITAL","","","",""
"5902","","","","","CONSTRUÇÃO DE VIADUTO","","","",""
"5924","","","","","CONSTRUÇÃO DE UNIDADES DO ENSINO FUNDAMENTAL","","","",""
"5928","","","","","IMPLANTAÇÃO DE BIBLIOTECAS","","","",""
"5968","","","","","CONSTRUÇÃO DE ESPAÇO CULTURAL","","","",""
"6016","","","","","FORNECIMENTO DE APARELHOS DE ÓRTESES E PRÓTESES","","","",""
"6026","","","","","EXECUÇÃO DE ATIVIDADES DE FOMENTO AO DESENVOLVIMEN","","","",""
"6049","","","","","ATENÇÃO À SAÚDE BUCAL","","","",""
"6052","","","","","ASSISTÊNCIA VOLTADA À INTERNAÇÃO DOMICILIAR","","","",""
"6057","","","","","REALIZAÇÃO DE ATIVIDADES DE COMUNICAÇÃO SOCIAL","","","",""
"6065","","","","","AQUISIÇÃO DE ENERGIA ELÉTRICA PARA O DISTRITO FEDE","","","",""
"6066","","","","","AÇÃO DE INCENTIVO À ARRECADAÇÃO E EDUCAÇÃO TRIBUTÁ","","","",""
"6195","","","","","CONCESSÃO DE PLANO DE SAÚDE AOS SERVIDORES","","","",""
"7006","","","","","MELHORIAS NOS SISTEMAS DE ABASTECIMENTO DE ÁGUA","","","",""
"7012","","","","","MELHORIAS NOS SISTEMAS DE ESGOTAMENTO SANITÁRIO","","","",""
"7038","","","","","IMPLANTAÇÃO DE SISTEMA DE ABASTECIMENTO DE ÁGUA","","","",""
"7046","","","","","IMPLANTAÇÃO DE SISTEMA DE ARMAZENAGEM E DISTRIBUIÇ","","","",""
"7220","","","","","CONSTRUÇÃO DE TERMINAIS RODOVIÁRIOS","","","",""
"7294","","","","","CONSTRUÇÃO DE CENTRO DE CONVIVÊNCIA DE IDOSOS","","","",""
"7316","","","","","IMPLANTAÇÃO DE SISTEMA DE ESGOTAMENTO SANITÁRIO","","","",""
"8502","","","","","ADMINISTRAÇÃO DE PESSOAL","","","",""
"8504","","","","","CONCESSÃO DE BENEFÍCIOS A SERVIDORES","","","",""
"8505","","","","","PUBLICIDADE E PROPAGANDA","","","",""
"8507","","","","","MANUTENÇÃO DO SISTEMA DE ILUMINAÇÃO PÚBLICA","","","",""
"8508","","","","","MANUTENÇÃO DE ÁREAS URBANIZADAS E AJARDINADAS","","","",""
"8517","","","","","MANUTENÇÃO DE SERVIÇOS ADMINISTRATIVOS GERAIS","","","",""
"9001","","","","","EXECUÇÃO DE SENTENÇAS JUDICIAIS","","","",""
"9002","","","","","RETORNO DE FINANCIAMENTOS E ENCARGOS DO SISTEMA FI","","","",""
"9003","","","","","PARTICIPAÇÃO ACIONÁRIA EM EMPRESAS DO DISTRITO FED","","","",""
"9004","","","","","ENCARGOS PREVIDENCIÁRIOS DO DISTRITO FEDERAL","","","",""
"9009","","","","","INDENIZAÇÕES E RESTITUIÇÕES DE MULTAS DE TRÂNSITO","","","",""
"9029","","","","","AMORTIZAÇÃO E ENCARGOS DA DÍVIDA PÚBLICA CONTRATAD","","","",""
"9030","","","","","AMORTIZAÇÃO E ENCARGOS DA DÍVIDA PÚBLICA CONTRATAD","","","",""
"9033","","","","","FORMAÇÃO DO PATRIMÔNIO DO SERVIDOR PÚBLICO","","","",""
"9035","","","","","COMPLEMENTAÇÃO DE APOSENTADORIA DE EX-EMPREGADO DE","","","",""
"9037","","","","","AMORTIZAÇÃO E ENCARGOS DA DÍVIDA PÚBLICA","","","",""
"9038","","","","","CONCESSÃO DE BOLSA DOCENTE-COLABORADOR","","","",""
"","Página:","14","","","","","Emitido em:","01/03/2021 21:57:12",""
"","","","","GOVERNO DO DISTRITO FEDERAL","","","","",""
"","","","Lista Ação","","","","","",""
"","","","","","","Lista Projeto","","",""
"Código da Ação","","","","","0000","","","",""
"Código","","","","","Nome","","","",""
"9039","","","","","FINANCIAMENTOS VINCULADOS À POLÍTICA AMBIENTAL","","","",""
"9040","","","","","IMPOSTOS SOBRE O LUCRO REAL","","","",""
"9041","","","","","CONVERSÃO DE LICENÇA PRÊMIO EM PECÚNIA","","","",""
"9043","","","","","AMORTIZAÇÃO DA DÍVIDA FUNDADA ORIGINÁRIA DE DEA","","","",""
"9044","","","","","CONSÓRCIO BRASIL CENTRAL","","","",""
"9045","","","","","RESERVA DE CONTINGÊNCIA EM DECORRÊNCIA DE VETO","","","",""
"9050","","","","","RESSARCIMENTOS, INDENIZAÇÕES E RESTITUIÇÕES DE PES","","","",""
"9051","","","","","PARTICIPAÇÃO EM ORGANISMOS INTERNACIONAIS","","","",""
"9054","","","","","ENCARGOS EXTRA OPERACIONAIS","","","",""
"9055","","","","","TARIFAS E ENCARGOS FINANCEIROS","","","",""
"9057","","","","","PAGAMENTO DE IMPOSTOS E TRIBUTOS","","","",""
"9060","","","","","CONCESSÃO DE BOLSAS DE INICIAÇÃO CIENTÍFICA","","","",""
"9061","","","","","FINANCIAMENTOS VINCULADOS A INCENTIVOS CREDITÍCIOS","","","",""
"9062","","","","","EMPRÉSTIMO ESPECIAL PARA O DESENVOLVIMENTO","","","",""
"9064","","","","","APORTE ANTECIPADO DA CONTRIBUIÇÃO PARA O FUNCIONAM","","","",""
"9065","","","","","TRANSFERÊNCIA A ENTIDADES DE POLÍTICAS PÚBLICAS NA","","","",""
"9066","","","","","TRANSFERÊNCIA PARA ACOLHIMENTO DE DEPENDENTES QUÍM","","","",""
"9068","","","","","TRANSFERÊNCIA POR MEIO DE DESCENTRALIZAÇÃO DE RECU","","","",""
"9069","","","","","TRANSFERÊNCIA PARA ENTIDADES DE ENSINO INFANTIL","","","",""
"9070","","","","","TRANSFERÊNCIA DE RECURSOS PARA CENTRO DE ARTES E E","","","",""
"9071","","","","","TRANSFERÊNCIA PARA PROTEÇÃO SOCIAL BÁSICA","","","",""
"9072","","","","","TRANSFERÊNCIA PARA PROGRAMA PRIMEIRA INFÂNCIA NO S","","","",""
"9073","","","","","TRANSFERÊNCIA PARA PROTEÇÃO SOCIAL ESPECIAL","","","",""
"9074","","","","","TRANSFERÊNCIA PARA GESTÃO E APRIMORAMENTO DE BENEF","","","",""
"9075","","","","","TRANSFERÊNCIA DE RECURSOS PARA PROJETOS CULTURAIS","","","",""
"9078","","","","","TRANSFERÊNCIA ÀS INSTITUIÇÕES DE ASSISTÊNCIA ÀS CR","","","",""
"9080","","","","","TRANSFERÊNCIA DE RECURSOS PARA PROJETOS ESPORTIVOS","","","",""
"9081","","","","","FINANCIAMENTO A PEQUENOS EMPREENDEDORES ECONÔMICOS","","","",""
"9083","","","","","CONCESSÃO DE BOLSAS DE ESTUDO","","","",""
"9084","","","","","CONCESSAO DE BOLSA ATLETA","","","",""
"9085","","","","","TRANSFERÊNCIA DE RECURSOS PARA PROJETOS TURÍSTICOS","","","",""
"9086","","","","","TRANSFERÊNCIA AO PROGRAMA DE PROTEÇÃO A CRIANÇAS,","","","",""
"9087","","","","","TRANSFERÊNCIA ÀS INSTITUIÇÕES DE ASSISTÊNCIA AOS J","","","",""
"9088","","","","","TRANSFERÊNCIA DE RECURSOS PARA SANIDADE E CONTROLE","","","",""
"9089","","","","","GARANTIA DE AVAL AOS PRODUTORES RURAIS","","","",""
"9090","","","","","PARTICIPAÇÃO ACIONÁRIA","","","",""
"9091","","","","","TRANSFERÊNCIA AO PROGRAMA DE DIREITOS HUMANOS","","","",""
"9093","","","","","OUTROS RESSARCIMENTOS, INDENIZAÇÕES E RESTITUIÇÕES","","","",""
"9094","","","","","ENCARGOS DE ARRENDAMENTO DE USINA DA CEB LAJEADO","","","",""
"9096","","","","","AMORTIZAÇÃO E ENCARGOS DA DÍVIDA PÚBLICA RELATIVA","","","",""
"9097","","","","","RESERVA ORÇAMENTÁRIA DO REGIME PRÓPRIO DE PREVIDÊN","","","",""
"9098","","","","","ENCARGOS DE USO DE LINHAS DE TRANSMISSÃO","","","",""
"9099","","","","","REVISÃO GERAL DA REMUNERAÇÃO DOS SERVIDORES","","","",""
"9100","","","","","NOMEAÇÕES DECORRENTES DE CONCURSOS PÚBLICOS","","","",""
"9106","","","","","AUXÍLIO FINANCEIRO A CANDIDATO EM CURSO DE FORMAÇÃ","","","",""
"","Página:","15","","","","","Emitido em:","01/03/2021 21:57:12",""
"","","","","GOVERNO DO DISTRITO FEDERAL","","","","",""
"","","","Lista Ação","","","","","",""
"","","","","","","Lista Projeto","","",""
"Código da Ação","","","","","0000","","","",""
"Código","","","","","Nome","","","",""
"9107","","","","","TRANSFERÊNCIA FINANCEIRA A ENTIDADES","","","",""
"9108","","","","","CONCESSÃO DE BOLSA MONITORIA","","","",""
"9109","","","","","APOIO FINANCEIRO PARA O DESENVOLVIMENTO RURAL","","","",""
"9110","","","","","INDENIZAÇÃO A PRODUTORES RURAIS","","","",""
"9112","","","","","APOIO FINANCEIRO AO MEMORIAL JK","","","",""
"9115","","","","","TRANSFERÊNCIA DE RECURSOS PARA DESENVOLVIMENTO DA","","","",""
"9116","","","","","APOIO À PREVENÇÃO E AO ENFRENTAMENTO A VIOLÊNCIA","","","",""
"9117","","","","","CONTRAPARTIDA DE CONVÊNIOS E OPERAÇÕES DE CRÉDITO","","","",""
"9118","","","","","TRANSFERÊNCIA DE RECURSOS PARA DIFUSÃO CIENTÍFICA","","","",""
"9119","","","","","REVISÃO GERAL DA REMUNERAÇÃO DOS SERVIDORES - CONC","","","",""
"9120","","","","","TRANSFERÊNCIA DE RECURSOS PARA PROJETOS DE CAPACIT","","","",""
"9121","","","","","TRANSFERÊNCIA DE RECURSOS PARA PROJETOS AMBIENTAIS","","","",""
"9122","","","","","TRANSFERÊNCIA DE RECURSOS PARA PROJETOS DE CAPACIT","","","",""
"9999","","","","","RESERVA DE CONTINGÊNCIA","","","",""
"","Página:","16","","","","","Emitido em:","01/03/2021 21:57:12",""
